entityId,clicks,impressions,CTR
0,0,entityId,NaN
0,3,435574,0
0,2,573775,0
0,2,573802,0
0,3,610764,0
0,3,627724,0
0,3,736351,0
0,1,599734,0
0,1,427507,0
0,1,653012,0
0,1,752072,0
0,1,752059,0
0,1,745017,0
0,1,721085,0
0,1,730950,0
0,1,463922,0
0,1,749881,0
0,2,756619,0
0,1,677778,0
0,1,744658,0
0,1,482937,0
0,1,583007,0
0,1,443392,0
0,1,463919,0
0,1,596227,0
0,2,757345,0
0,1,738329,0
0,2,758807,0
0,1,15389,0
0,1,661041,0
0,1,596206,0
0,2,716349,0
0,1,657877,0
0,1,677334,0
0,2,603453,0
0,1,751335,0
0,1,765672,0
0,1,543745,0
0,2,650607,0
0,1,664789,0
0,2,641627,0
0,1,441568,0
0,1,678681,0
0,1,769187,0
0,2,744967,0
0,1,755719,0
0,2,761212,0
0,1,762959,0
0,1,761342,0
0,2,763640,0
0,2,764108,0
0,1,761644,0
0,2,761798,0
0,1,725809,0
0,2,103071,0
0,2,551530,0
0,1,176420,0
0,1,705910,0
0,1,403937,0
0,1,452452,0
0,1,433326,0
0,1,762052,0
0,2,768346,0
0,1,484030,0
0,1,479529,0
0,1,406999,0
0,1,437619,0
0,1,483315,0
0,1,473931,0
0,2,761833,0
0,1,750066,0
1,1,628598,100
0,1,767015,0
0,1,71745,0
0,1,558558,0
0,2,556356,0
0,1,558234,0
0,1,756575,0
0,3,556038,0
0,1,555836,0
0,1,458856,0
0,1,601461,0
0,1,555666,0
0,1,554651,0
0,1,600670,0
0,2,599148,0
0,1,598642,0
0,2,597744,0
0,1,597006,0
0,1,596125,0
0,1,572581,0
0,1,595896,0
0,3,449149,0
0,1,445724,0
0,2,445524,0
0,2,580653,0
0,2,445507,0
0,1,445281,0
0,2,445229,0
0,1,445214,0
0,1,445183,0
0,1,708450,0
0,2,445095,0
0,1,445084,0
0,1,445091,0
0,1,445023,0
0,2,444967,0
0,2,472580,0
0,2,761934,0
0,1,444356,0
0,1,438390,0
0,1,433953,0
0,1,437062,0
0,4,402222,0
0,1,350902,0
0,1,348094,0
0,2,707747,0
0,1,709735,0
0,1,708624,0
0,4,706905,0
0,1,707376,0
0,2,724114,0
0,1,660206,0
0,3,706814,0
0,2,723133,0
0,1,602198,0
0,2,721501,0
0,1,722087,0
0,2,727643,0
0,3,726579,0
0,3,725672,0
0,3,735583,0
0,1,532422,0
0,2,733096,0
0,2,732826,0
0,1,739107,0
0,1,654071,0
0,3,732498,0
0,1,741734,0
0,2,711715,0
0,1,524649,0
0,2,715234,0
0,3,710415,0
0,1,509734,0
0,2,715208,0
0,2,729227,0
0,2,737228,0
0,1,481693,0
0,2,630894,0
0,2,763479,0
0,1,498286,0
0,2,763466,0
0,2,741188,0
0,2,338617,0
0,2,566995,0
0,1,522300,0
0,2,396303,0
0,1,601392,0
0,2,750064,0
0,2,697762,0
0,2,521200,0
0,2,64503,0
0,2,517336,0
0,2,517331,0
0,2,734631,0
0,2,579223,0
0,2,414228,0
0,2,592155,0
0,2,396436,0
0,2,425196,0
0,1,511401,0
0,2,396659,0
0,2,575386,0
0,1,728520,0
0,2,642164,0
0,5,725960,0
0,2,567076,0
0,2,751058,0
0,2,442725,0
0,2,614189,0
0,2,618847,0
0,1,596176,0
0,1,462990,0
0,2,592762,0
1,1,713670,100
0,2,518627,0
0,2,603988,0
0,2,518510,0
0,2,364166,0
0,1,595200,0
0,1,689419,0
0,2,368666,0
0,2,71815,0
0,2,692329,0
0,3,747800,0
0,2,703786,0
0,3,98251,0
0,2,498036,0
0,2,266013,0
0,2,415073,0
0,2,731829,0
0,2,689892,0
0,2,566708,0
0,2,523170,0
0,2,680516,0
0,2,586581,0
0,2,568097,0
0,1,583393,0
0,2,590222,0
0,2,745127,0
0,3,589585,0
0,1,686750,0
0,2,340546,0
0,2,620981,0
0,2,574997,0
0,2,707326,0
0,2,755670,0
0,2,471259,0
0,2,481049,0
0,2,416326,0
0,2,754526,0
0,1,707531,0
0,1,600839,0
0,2,739584,0
0,2,764896,0
0,1,651884,0
0,2,758025,0
0,1,622391,0
0,3,416599,0
0,2,764810,0
0,1,681457,0
0,2,427028,0
0,2,765914,0
0,2,764683,0
0,2,582680,0
0,2,767125,0
0,2,766631,0
0,2,592707,0
0,2,584558,0
0,2,593135,0
0,2,651104,0
0,2,691076,0
0,2,709887,0
0,1,764131,0
0,2,734989,0
0,2,707799,0
0,1,766419,0
0,2,730108,0
0,2,692505,0
0,1,762119,0
0,2,540300,0
0,2,704364,0
0,2,660588,0
0,2,662531,0
0,1,680026,0
0,1,666489,0
0,2,706763,0
0,2,603000,0
0,2,604924,0
0,2,571371,0
0,2,559705,0
0,2,586350,0
0,2,534272,0
0,2,525331,0
0,1,712968,0
0,1,743428,0
0,1,684596,0
0,2,482770,0
0,2,456544,0
0,2,621528,0
0,2,712997,0
0,2,731344,0
0,1,682546,0
0,2,666444,0
0,2,494443,0
0,1,767484,0
0,2,740870,0
0,2,722107,0
0,1,749815,0
0,1,730124,0
0,2,749179,0
0,2,530802,0
0,2,489213,0
0,1,684586,0
0,2,578113,0
0,2,531960,0
0,1,691766,0
0,2,595643,0
0,2,690906,0
0,2,658748,0
0,1,759173,0
0,2,715639,0
0,2,658827,0
0,2,715920,0
0,2,714318,0
1,3,714706,33.33333333333333
0,2,725542,0
0,2,728529,0
0,2,705217,0
0,2,733600,0
0,1,477647,0
0,2,611084,0
0,1,237170,0
0,2,709679,0
0,2,720271,0
0,2,574957,0
0,2,715059,0
0,2,653925,0
0,2,698221,0
0,2,711266,0
0,2,578229,0
0,2,767380,0
0,2,654495,0
0,2,600829,0
0,2,663377,0
0,2,764193,0
0,2,568631,0
0,3,766340,0
0,3,767236,0
0,1,332357,0
0,1,765803,0
0,2,694651,0
0,2,719818,0
0,2,698212,0
0,2,739414,0
0,2,691832,0
0,2,696355,0
0,2,670381,0
0,2,655348,0
0,2,670597,0
0,2,762272,0
0,2,676919,0
0,1,719226,0
0,2,685506,0
0,2,679227,0
0,2,748815,0
0,2,339168,0
0,1,720091,0
0,2,719460,0
0,2,712866,0
0,3,574211,0
0,2,737655,0
0,2,738714,0
0,2,735812,0
0,2,747239,0
0,2,762130,0
0,5,758828,0
0,2,759364,0
0,2,758772,0
0,2,671805,0
0,2,738806,0
0,1,514137,0
0,2,588295,0
0,2,567810,0
0,1,580033,0
0,2,565296,0
0,2,673651,0
0,2,590824,0
0,2,516951,0
0,2,638856,0
0,1,572626,0
0,4,616616,0
1,2,668608,50
0,3,679646,0
0,1,748300,0
0,3,668573,0
0,1,662711,0
0,2,663575,0
0,1,747264,0
0,1,661213,0
0,1,720253,0
0,2,718821,0
0,1,685765,0
0,1,694928,0
0,2,685079,0
0,3,683342,0
0,2,694771,0
0,2,737218,0
0,2,694729,0
0,1,764159,0
0,2,692570,0
0,1,742982,0
0,4,691823,0
0,1,746630,0
0,1,766921,0
0,1,745830,0
0,1,761487,0
0,1,745785,0
0,1,671981,0
0,1,668943,0
0,1,766750,0
0,2,767590,0
0,1,747464,0
0,1,746750,0
0,1,747436,0
0,2,766912,0
0,1,745988,0
0,1,766128,0
0,1,758849,0
0,1,756450,0
0,1,763585,0
1,1,750850,100
0,1,747377,0
0,1,765339,0
0,1,762417,0
0,1,768186,0
0,1,752433,0
0,1,767210,0
0,1,765741,0
0,1,765538,0
0,1,766992,0
0,1,765771,0
0,1,752597,0
0,1,754509,0
0,1,748792,0
0,1,747056,0
0,1,750235,0
0,1,753256,0
0,1,753387,0
0,1,768376,0
0,1,766544,0
0,1,768228,0
0,1,767721,0
0,1,765638,0
0,1,760363,0
0,1,760058,0
0,1,760002,0
0,1,766100,0
0,1,750640,0
0,1,762121,0
0,1,767358,0
0,1,767315,0
0,1,765531,0
0,2,691787,0
0,1,759652,0
0,2,701068,0
0,2,677327,0
0,2,659010,0
0,1,656334,0
0,2,658731,0
0,3,655283,0
1,2,653902,50
0,2,764224,0
0,1,691369,0
0,2,689496,0
0,2,688574,0
0,2,682573,0
0,1,689435,0
0,2,682399,0
0,1,764000,0
0,1,763796,0
0,1,753199,0
0,2,682380,0
0,2,682280,0
0,2,682273,0
0,2,681891,0
0,1,682068,0
0,2,680736,0
0,1,550373,0
0,2,682231,0
0,2,550121,0
0,1,550025,0
0,3,705674,0
0,1,546224,0
0,2,701895,0
0,1,610952,0
0,3,545872,0
0,2,609782,0
0,2,607737,0
0,2,630814,0
0,2,621575,0
0,2,620670,0
0,2,620249,0
0,2,545660,0
0,2,565221,0
0,1,517496,0
0,2,618699,0
0,2,647045,0
0,1,480255,0
0,3,564563,0
0,2,497023,0
0,2,497114,0
0,1,536654,0
0,3,564483,0
0,2,489917,0
0,1,546584,0
0,1,552176,0
0,2,526150,0
0,2,524173,0
0,2,321597,0
0,4,564105,0
0,1,313544,0
0,4,564325,0
0,2,297246,0
0,2,297160,0
0,1,250478,0
0,1,282944,0
0,4,563548,0
0,2,246066,0
0,1,168639,0
0,2,166151,0
0,1,753144,0
0,1,735373,0
0,2,753759,0
0,1,651039,0
0,2,748760,0
0,2,321090,0
0,1,617375,0
0,4,562234,0
0,1,534654,0
0,1,747193,0
0,4,589574,0
0,2,747213,0
0,1,540354,0
0,1,552265,0
0,1,556604,0
0,4,579091,0
0,4,586077,0
0,5,576775,0
0,3,577961,0
0,2,570675,0
0,5,575860,0
0,2,569149,0
0,3,600205,0
0,2,734181,0
0,1,767920,0
0,1,589063,0
0,1,502914,0
0,1,653970,0
0,1,650127,0
0,1,736496,0
0,1,695360,0
0,1,598243,0
0,2,609168,0
0,1,734055,0
0,1,698388,0
0,1,694160,0
0,1,695647,0
0,1,717072,0
0,1,402517,0
0,1,683088,0
0,1,714458,0
0,2,309677,0
0,1,679374,0
0,1,692883,0
0,1,618731,0
0,1,618723,0
0,1,618228,0
0,1,645884,0
0,1,523165,0
0,1,645076,0
0,1,509534,0
0,1,546159,0
0,1,556140,0
0,1,559091,0
0,1,566151,0
0,1,431103,0
0,1,424016,0
0,1,419576,0
0,1,280107,0
0,1,203168,0
0,1,708486,0
0,1,596553,0
0,1,616245,0
0,1,593858,0
0,1,465380,0
0,1,501051,0
0,1,484719,0
0,1,343079,0
0,1,339934,0
0,2,338493,0
0,1,389848,0
0,1,599422,0
0,1,360350,0
0,1,320865,0
0,3,179385,0
0,1,694476,0
0,1,179408,0
0,1,179391,0
0,1,179413,0
0,1,179406,0
0,1,175899,0
0,1,158960,0
0,1,160334,0
0,1,175858,0
0,1,160506,0
0,1,169529,0
0,1,172780,0
0,1,168777,0
0,1,171734,0
0,1,168562,0
0,1,168065,0
0,2,166060,0
0,1,168133,0
0,1,166653,0
0,1,167607,0
0,1,163604,0
0,1,165890,0
0,1,163745,0
0,1,167320,0
0,1,160342,0
0,1,158904,0
0,1,158896,0
0,1,135619,0
0,1,152412,0
0,1,158567,0
0,1,152017,0
0,1,154807,0
0,1,151475,0
0,1,159033,0
0,1,151483,0
0,1,150855,0
0,1,150326,0
0,1,152496,0
0,1,139964,0
0,1,145402,0
0,1,148832,0
0,1,146965,0
0,1,145437,0
0,1,149778,0
0,1,143055,0
0,1,144103,0
0,1,144397,0
0,1,129960,0
0,1,138944,0
0,1,123790,0
0,1,139186,0
0,1,135094,0
0,1,134325,0
0,1,133494,0
0,1,133240,0
0,1,137088,0
0,1,138321,0
0,1,135787,0
0,1,137092,0
0,1,136126,0
0,3,681358,0
0,3,681718,0
0,3,681280,0
0,3,680914,0
0,3,680899,0
0,3,679926,0
0,3,679724,0
0,3,568280,0
0,4,568199,0
0,4,568142,0
0,1,303232,0
0,4,567603,0
0,1,719287,0
0,1,748130,0
0,3,574249,0
0,3,572816,0
0,3,572151,0
0,3,571938,0
0,3,570431,0
0,1,715303,0
0,3,570303,0
0,3,569932,0
0,3,569358,0
0,3,569769,0
0,1,694536,0
0,1,704872,0
0,3,569340,0
0,3,568971,0
0,3,568898,0
0,3,561357,0
0,3,568759,0
0,1,696423,0
0,1,697232,0
0,3,559175,0
0,1,699892,0
0,3,558750,0
0,1,690734,0
0,1,683357,0
0,3,555003,0
0,1,660666,0
0,3,554331,0
0,3,598950,0
0,1,703403,0
0,2,557520,0
0,1,511459,0
0,1,736385,0
0,1,735815,0
0,1,624916,0
0,1,589646,0
0,1,742563,0
0,3,597672,0
0,3,596170,0
0,3,448797,0
0,3,595619,0
0,3,446035,0
0,3,441660,0
0,1,475017,0
0,3,474833,0
0,3,473786,0
0,3,466590,0
0,3,471167,0
0,3,455469,0
0,3,440137,0
0,3,428742,0
0,3,427095,0
0,3,426194,0
0,4,423088,0
0,3,422906,0
0,3,422597,0
0,3,421306,0
0,3,412283,0
0,3,437665,0
0,3,411246,0
0,4,437167,0
0,3,436992,0
0,3,435162,0
0,3,403196,0
0,3,400595,0
0,3,366194,0
0,2,356293,0
0,3,338867,0
0,2,336622,0
0,3,710018,0
0,1,713631,0
0,1,712060,0
0,3,709897,0
0,3,709714,0
0,1,747780,0
0,1,620652,0
0,3,708534,0
0,3,707927,0
0,4,706757,0
0,4,726575,0
0,5,726000,0
0,1,714094,0
0,5,725745,0
0,2,628231,0
0,2,628223,0
0,3,628197,0
0,2,628115,0
0,2,628044,0
0,1,750036,0
0,2,628040,0
0,1,748347,0
0,1,699619,0
0,2,627932,0
0,2,627833,0
0,2,627818,0
0,2,627727,0
0,2,627690,0
0,2,627716,0
0,2,627550,0
0,2,627540,0
0,2,627403,0
0,2,627399,0
0,2,627387,0
0,2,627348,0
0,2,627197,0
0,2,627195,0
0,2,627177,0
0,1,611897,0
0,1,684749,0
0,2,627164,0
0,3,627088,0
0,2,626969,0
0,1,583467,0
0,2,626466,0
0,2,626402,0
0,2,626375,0
0,7,626356,0
0,1,731734,0
0,1,620563,0
0,1,715625,0
0,2,626348,0
0,2,626319,0
0,3,626106,0
0,2,626101,0
0,2,626093,0
0,1,523245,0
0,2,625837,0
0,2,625811,0
0,2,625791,0
0,1,555930,0
0,1,556582,0
0,1,560811,0
0,2,625677,0
0,2,625687,0
0,2,625560,0
0,2,625551,0
0,2,625251,0
0,2,625113,0
0,2,625181,0
0,2,625164,0
0,3,624678,0
0,2,624587,0
0,1,562559,0
0,2,589533,0
0,2,589657,0
0,2,566007,0
0,2,571603,0
0,2,570387,0
0,2,571868,0
0,2,553737,0
0,2,603225,0
0,2,607300,0
0,3,595831,0
0,2,523435,0
0,2,525575,0
1,0,763292,100
0,2,583261,0
0,3,644988,0
0,3,691299,0
0,3,689036,0
0,3,747450,0
0,3,647556,0
0,3,750695,0
0,3,583856,0
0,3,757303,0
0,3,582614,0
0,3,586650,0
0,3,570908,0
0,3,700854,0
0,3,642160,0
0,3,688921,0
0,3,755990,0
0,3,629764,0
0,3,528960,0
0,3,719588,0
0,3,601875,0
0,3,558979,0
0,3,588474,0
1,3,647634,33.33333333333333
0,3,724472,0
0,3,743166,0
0,3,628190,0
0,3,712695,0
0,3,625669,0
0,3,761106,0
0,3,758988,0
0,3,691364,0
0,3,747141,0
0,3,748539,0
0,3,748174,0
0,3,759575,0
0,3,765346,0
0,3,757401,0
0,3,759100,0
0,3,758914,0
0,3,762076,0
0,3,757506,0
0,3,761204,0
0,3,759135,0
0,3,757397,0
0,3,747796,0
0,3,767145,0
0,3,765189,0
0,3,759776,0
0,3,761538,0
0,3,762924,0
0,3,763402,0
0,5,763044,0
0,3,746925,0
0,3,765750,0
0,3,759978,0
0,5,770097,0
0,1,723735,0
0,1,670887,0
0,1,749401,0
0,1,716946,0
0,1,620907,0
0,1,694273,0
0,1,615862,0
0,2,769592,0
0,1,768011,0
0,1,698366,0
0,1,725082,0
0,1,681282,0
0,1,593998,0
0,1,722221,0
0,1,650074,0
0,1,716406,0
0,1,713671,0
0,1,737696,0
0,1,725258,0
0,1,730097,0
0,1,735863,0
0,1,723853,0
0,1,749634,0
0,1,590397,0
0,1,750504,0
0,1,747725,0
0,1,649999,0
0,3,768453,0
0,1,746104,0
0,1,722409,0
0,1,621253,0
0,1,651349,0
0,1,607865,0
0,1,660117,0
0,1,672264,0
0,1,592049,0
0,1,672198,0
0,1,580856,0
0,1,742740,0
0,1,742728,0
0,1,738393,0
0,1,725516,0
0,1,738147,0
0,1,704432,0
0,1,704442,0
0,1,736382,0
0,1,710856,0
0,1,721384,0
0,1,630599,0
0,1,396994,0
0,1,768207,0
0,1,677209,0
0,1,689284,0
0,1,725493,0
0,1,542080,0
0,1,531683,0
0,1,346651,0
0,1,524536,0
0,1,534331,0
0,2,672683,0
0,1,532571,0
0,2,671259,0
0,2,671129,0
0,2,668401,0
0,2,667637,0
0,2,667624,0
0,1,717771,0
0,1,692839,0
0,1,686732,0
0,1,677143,0
0,2,678488,0
0,1,675509,0
0,1,658553,0
0,1,687272,0
0,1,658468,0
0,1,687153,0
0,1,679839,0
0,1,567350,0
0,1,565077,0
0,1,678798,0
0,2,567333,0
0,3,590018,0
0,2,589787,0
0,2,586694,0
0,1,585813,0
0,2,585415,0
0,1,584320,0
0,3,580266,0
0,3,594383,0
0,3,594126,0
0,4,594098,0
0,2,590924,0
0,2,576770,0
0,2,579233,0
0,2,576403,0
0,4,575283,0
0,3,574749,0
0,1,558036,0
0,1,569026,0
0,1,556346,0
0,1,597578,0
0,1,595820,0
0,1,595604,0
0,3,595278,0
0,4,449433,0
0,2,467918,0
0,4,440889,0
0,2,309032,0
0,3,418838,0
0,2,295261,0
0,2,150118,0
0,1,313875,0
0,2,236154,0
0,1,302638,0
0,2,307614,0
0,1,294975,0
0,2,271292,0
0,2,321581,0
0,1,252319,0
0,1,305865,0
0,1,280303,0
0,2,307105,0
0,2,236326,0
0,2,232023,0
0,1,255028,0
0,1,263356,0
0,1,321321,0
0,2,250626,0
0,1,245996,0
0,2,201548,0
0,1,344299,0
0,1,377952,0
0,2,392981,0
0,1,378330,0
0,3,623462,0
0,3,625597,0
0,6,767425,0
0,6,770359,0
0,6,769889,0
0,2,767866,0
0,4,765907,0
0,3,768705,0
0,4,769395,0
0,5,765853,0
0,4,770424,0
0,4,769085,0
0,2,769968,0
0,5,767740,0
0,4,764696,0
1,3,769799,33.33333333333333
0,2,769529,0
0,3,768704,0
0,2,769941,0
0,3,768480,0
0,2,768948,0
0,2,769985,0
0,3,768061,0
0,2,767432,0
0,2,768769,0
0,2,769408,0
0,2,768726,0
0,2,767565,0
0,1,769425,0
0,1,768549,0
0,1,769405,0
0,1,767532,0
0,1,766085,0
0,1,767640,0
0,1,767680,0
0,1,770092,0
0,2,767900,0
0,2,768481,0
0,1,767401,0
0,1,768723,0
0,1,765421,0
0,2,766779,0
0,1,766945,0
0,1,766456,0
0,1,765474,0
0,1,766391,0
0,1,768249,0
0,1,765310,0
0,1,765506,0
0,1,766273,0
0,1,768013,0
0,1,768358,0
0,1,765831,0
0,1,768495,0
0,1,766799,0
0,1,766083,0
0,1,768440,0
0,1,765491,0
0,1,742253,0
0,1,691814,0
0,1,765459,0
0,1,766309,0
0,1,766910,0
0,3,700339,0
0,2,686583,0
0,3,728075,0
0,3,684655,0
0,3,684840,0
0,2,602202,0
0,2,608473,0
0,3,531155,0
0,4,643985,0
0,2,581306,0
0,2,629248,0
0,2,629150,0
0,2,736003,0
0,2,739481,0
0,2,730949,0
0,2,616885,0
0,2,591577,0
0,2,736918,0
1,1,710662,100
0,1,706682,0
1,1,760471,100
0,1,753787,0
1,0,537207,100
0,2,257315,0
0,4,563354,0
0,5,562522,0
1,1,545048,100
0,1,769403,0
1,0,759378,100
0,1,752034,0
0,1,769623,0
0,3,589212,0
0,2,767208,0
0,4,590275,0
0,4,590213,0
0,4,589199,0
0,1,767036,0
0,1,768778,0
0,1,768747,0
0,4,589096,0
0,4,588519,0
0,1,767646,0
0,1,768284,0
0,1,769366,0
0,1,766187,0
0,2,767845,0
0,1,768002,0
0,1,769741,0
0,4,586307,0
0,4,585834,0
0,4,584975,0
0,5,583678,0
0,3,583951,0
0,4,581839,0
0,4,583490,0
0,4,580988,0
0,4,580913,0
0,4,580223,0
0,4,580027,0
0,5,579987,0
1,5,594910,20
0,4,594835,0
0,5,593408,0
0,5,593261,0
0,5,593336,0
0,5,593767,0
0,4,593205,0
0,3,590868,0
0,3,590617,0
0,3,579206,0
0,3,579476,0
0,3,578977,0
0,3,578778,0
0,4,578297,0
0,4,577663,0
0,3,577651,0
0,4,577587,0
0,4,577530,0
0,5,577257,0
0,4,577358,0
0,7,575371,0
0,4,576177,0
0,6,575267,0
0,4,602673,0
0,6,604118,0
0,6,575229,0
0,8,604477,0
0,4,600927,0
0,2,450787,0
0,3,421810,0
0,3,439281,0
0,4,574353,0
0,2,443716,0
0,2,447286,0
0,2,393993,0
0,3,419047,0
0,3,411887,0
0,2,332557,0
0,2,328795,0
0,3,292116,0
0,3,299609,0
0,5,222374,0
0,3,258619,0
0,3,210955,0
0,2,401785,0
0,2,464052,0
0,2,268420,0
0,2,614346,0
0,2,691127,0
0,2,711277,0
0,2,591934,0
0,2,739565,0
0,2,641855,0
0,2,667449,0
0,2,506163,0
0,2,614286,0
0,4,577876,0
0,2,672590,0
0,3,578713,0
0,4,579470,0
0,4,581433,0
0,4,584227,0
0,4,587450,0
0,4,581856,0
0,5,593991,0
0,3,598161,0
0,3,603482,0
0,2,553358,0
0,3,611648,0
0,3,608798,0
0,2,561194,0
0,2,561566,0
0,4,564435,0
0,3,570031,0
0,3,564286,0
0,4,565024,0
0,4,572947,0
0,3,575864,0
0,5,575737,0
0,4,575688,0
0,2,538582,0
0,2,542214,0
0,2,539769,0
1,2,541201,50
0,2,541038,0
0,2,625290,0
0,2,629388,0
0,1,760443,0
0,4,629720,0
0,2,630882,0
0,1,763017,0
0,1,743646,0
0,1,743537,0
0,1,743568,0
0,1,733706,0
0,1,765118,0
0,1,763704,0
0,1,763833,0
0,5,763907,0
0,1,762266,0
0,2,624521,0
0,1,747583,0
0,2,624301,0
0,2,624498,0
0,2,624223,0
0,2,624127,0
0,2,624187,0
0,2,624096,0
0,2,623860,0
0,1,761228,0
0,1,747812,0
0,2,623821,0
0,1,747174,0
0,2,623681,0
0,8,623644,0
0,3,623619,0
0,2,623204,0
0,1,749694,0
0,1,253409,0
0,1,257193,0
0,1,249016,0
0,1,249410,0
0,1,252856,0
0,1,249237,0
0,1,252314,0
0,1,251104,0
0,1,249078,0
0,1,247705,0
0,1,239899,0
0,1,762135,0
0,1,754821,0
0,1,761872,0
0,1,743013,0
0,1,743493,0
0,1,764024,0
0,1,760240,0
0,1,751888,0
0,1,762548,0
0,1,720532,0
0,1,761994,0
0,1,758676,0
0,1,762592,0
0,1,761789,0
0,1,763628,0
0,1,756900,0
0,1,757761,0
0,1,765128,0
0,1,763779,0
0,1,757677,0
0,1,672322,0
0,1,764865,0
0,1,764610,0
0,1,763745,0
0,1,762609,0
0,1,762562,0
0,1,762067,0
0,1,687506,0
0,1,753677,0
0,1,749321,0
0,1,747020,0
0,1,765126,0
0,1,762664,0
0,1,753090,0
0,4,763738,0
0,1,764188,0
0,1,761893,0
0,5,762730,0
0,1,762622,0
0,1,765088,0
0,1,764807,0
2,0,704046,100
0,4,769180,0
0,4,768337,0
0,3,767688,0
0,4,769747,0
0,4,771874,0
0,4,770213,0
0,5,769708,0
0,3,769402,0
0,3,767630,0
0,5,768674,0
0,4,769115,0
0,3,768766,0
2,4,765874,50
0,4,764950,0
0,4,769169,0
0,4,769813,0
0,3,763695,0
0,3,769806,0
0,3,769803,0
0,5,761047,0
0,3,767626,0
0,4,766506,0
0,3,765473,0
0,4,761486,0
0,3,760967,0
0,3,769899,0
0,3,761167,0
2,3,767941,66.66666666666666
0,5,768185,0
0,3,746808,0
0,5,770036,0
0,3,745651,0
0,3,765956,0
0,3,748855,0
0,4,767915,0
0,5,768917,0
0,4,767655,0
0,4,769843,0
0,3,768995,0
0,3,748529,0
0,4,764068,0
0,4,766293,0
0,3,754188,0
0,4,769586,0
0,3,768583,0
0,5,769017,0
0,3,768568,0
0,3,752412,0
0,3,767287,0
0,4,760328,0
0,5,770013,0
0,3,758558,0
0,3,758359,0
0,4,750476,0
0,3,766835,0
0,3,596062,0
0,3,597563,0
0,3,438382,0
0,3,437785,0
0,3,439784,0
0,3,435592,0
0,2,432211,0
0,3,432159,0
0,2,431206,0
0,3,445604,0
0,3,447037,0
0,3,442093,0
0,4,414566,0
0,3,452104,0
0,3,413609,0
0,3,421263,0
0,3,421160,0
0,3,402387,0
0,1,399503,0
0,3,723356,0
0,3,722480,0
0,3,728081,0
0,4,726139,0
0,4,725367,0
0,4,726450,0
0,4,710561,0
0,4,716426,0
0,2,738083,0
0,2,704569,0
0,2,653151,0
0,1,729347,0
0,2,652527,0
0,2,651442,0
0,2,651299,0
0,2,649326,0
0,2,649790,0
0,2,647271,0
0,2,648312,0
0,2,643344,0
0,2,628495,0
0,2,642043,0
0,2,631547,0
0,2,640685,0
0,2,630564,0
0,2,621792,0
0,1,619694,0
0,1,617690,0
0,2,603794,0
0,2,601764,0
0,1,519586,0
0,1,518074,0
0,1,486321,0
0,1,516102,0
0,1,479511,0
0,3,505578,0
0,1,651430,0
0,1,721799,0
0,1,717581,0
0,1,657753,0
0,1,701788,0
0,1,599779,0
0,1,712378,0
0,1,751466,0
0,1,713683,0
0,1,701212,0
0,1,763988,0
0,1,677931,0
0,1,732289,0
0,1,649880,0
0,1,740818,0
0,1,740181,0
0,1,719615,0
0,1,713312,0
0,1,753060,0
0,1,719701,0
0,6,763083,0
0,1,575466,0
0,1,588627,0
0,1,610810,0
0,1,610850,0
0,1,588177,0
0,1,593536,0
0,1,610868,0
0,1,429028,0
0,1,449193,0
0,1,432085,0
0,1,450763,0
0,1,695934,0
0,1,433847,0
0,1,522921,0
0,1,532037,0
0,1,526543,0
0,1,531094,0
0,1,529181,0
0,1,504468,0
0,1,510682,0
0,1,510750,0
0,1,496647,0
0,1,482441,0
0,1,752478,0
0,1,714933,0
0,1,731800,0
0,1,731549,0
0,1,695298,0
0,1,723656,0
1,1,678217,100
0,1,680064,0
0,1,675769,0
0,1,680823,0
0,1,390807,0
0,1,701132,0
0,1,691251,0
0,1,624155,0
0,1,683752,0
0,1,737181,0
0,1,691971,0
0,1,756130,0
0,1,710814,0
0,1,755638,0
0,1,663226,0
0,1,725611,0
0,1,745453,0
0,1,757636,0
0,1,745404,0
0,1,740203,0
0,1,764833,0
0,1,731311,0
0,1,728289,0
0,1,762036,0
0,1,762809,0
0,1,752342,0
0,1,687744,0
0,1,681613,0
0,1,649298,0
0,1,710413,0
0,1,620890,0
0,1,721867,0
0,1,741888,0
0,1,665554,0
0,1,734286,0
0,1,764654,0
0,1,707196,0
0,1,765480,0
0,2,768293,0
0,1,767043,0
0,1,729653,0
0,6,766192,0
0,1,642238,0
0,1,713253,0
0,1,725665,0
0,1,663303,0
0,1,712313,0
0,1,350951,0
0,1,384517,0
0,2,323017,0
0,2,307951,0
0,2,290271,0
0,1,288384,0
0,1,525994,0
0,1,443361,0
0,1,432235,0
0,1,389238,0
0,1,366868,0
0,1,377542,0
0,1,369884,0
0,1,378326,0
0,1,386673,0
0,1,373079,0
0,1,377630,0
0,1,393113,0
0,1,350568,0
0,1,342141,0
0,1,346987,0
0,1,347946,0
0,1,378269,0
0,1,388792,0
0,1,391281,0
0,1,372947,0
0,1,373361,0
0,1,383610,0
0,1,367057,0
0,1,379424,0
0,1,339930,0
0,1,357493,0
0,1,343924,0
0,1,391356,0
0,1,512941,0
1,2,772313,50
0,1,730621,0
0,1,737284,0
0,1,744907,0
0,1,708767,0
0,2,734003,0
0,2,753986,0
0,2,738481,0
0,1,744253,0
0,1,751176,0
0,1,749112,0
0,1,741498,0
0,1,661399,0
0,1,731424,0
0,1,619604,0
0,3,611793,0
0,1,612108,0
0,2,608249,0
0,1,641336,0
0,1,494427,0
0,1,639416,0
0,1,535756,0
0,1,712822,0
0,1,593868,0
0,1,593595,0
0,1,604428,0
0,2,599503,0
0,2,597879,0
0,1,566546,0
0,1,586987,0
0,1,581265,0
0,1,377693,0
0,1,422588,0
0,1,675988,0
0,1,750827,0
0,1,748327,0
0,1,741515,0
0,1,740886,0
1,0,680725,100
0,3,752232,0
0,5,734963,0
0,3,694346,0
0,3,741496,0
0,3,695659,0
0,3,731881,0
0,3,697517,0
0,4,608716,0
0,3,669375,0
0,3,671782,0
0,4,686789,0
0,4,652417,0
0,4,511406,0
0,4,528720,0
0,4,529657,0
0,4,564658,0
0,4,566697,0
0,4,697984,0
0,4,623279,0
0,4,717326,0
0,4,690781,0
0,4,398946,0
0,4,694150,0
0,4,531877,0
0,4,598969,0
0,4,746713,0
0,4,682982,0
0,4,735843,0
0,4,572976,0
0,4,715942,0
0,4,558714,0
0,4,628908,0
0,4,696674,0
0,3,584280,0
0,3,578025,0
0,3,552761,0
0,3,591617,0
0,3,657229,0
0,3,524043,0
0,3,671260,0
0,4,714547,0
0,3,723334,0
0,3,709914,0
0,3,725492,0
0,3,721725,0
0,3,733856,0
0,3,730708,0
0,3,620345,0
0,3,736916,0
0,3,745295,0
0,3,747612,0
0,3,752339,0
0,3,643240,0
0,3,581059,0
0,3,606039,0
0,3,586683,0
0,3,703576,0
0,3,620226,0
0,3,494564,0
0,3,658395,0
0,3,666363,0
0,1,730023,0
0,1,727601,0
0,2,622413,0
0,2,729371,0
0,1,389276,0
0,1,644055,0
0,2,766989,0
0,1,741811,0
0,1,766884,0
0,5,730114,0
0,2,687509,0
0,2,730607,0
0,1,729855,0
0,1,473637,0
0,1,761973,0
0,1,733851,0
0,1,434958,0
0,1,702956,0
0,1,733789,0
0,1,733504,0
0,1,737244,0
0,1,739395,0
0,2,766752,0
0,2,735123,0
0,1,731450,0
0,3,682735,0
1,4,621897,25
0,3,682756,0
0,2,684090,0
0,1,684689,0
0,3,684127,0
0,1,684743,0
0,3,684796,0
0,3,684898,0
0,1,684895,0
0,3,733407,0
0,2,608886,0
0,3,710605,0
0,3,672158,0
0,3,610027,0
0,3,553018,0
0,3,684200,0
0,1,722139,0
0,1,709393,0
0,3,574597,0
0,2,699085,0
0,3,510100,0
0,5,593911,0
0,3,701954,0
0,4,689873,0
0,2,696892,0
0,2,708752,0
0,2,708947,0
0,2,543187,0
0,3,519520,0
0,4,582330,0
0,4,579820,0
0,3,682636,0
0,3,682771,0
0,3,682854,0
0,3,684101,0
0,3,684438,0
0,1,684458,0
0,3,684665,0
0,3,684770,0
0,2,684777,0
0,3,714615,0
0,2,684811,0
0,3,684913,0
0,4,396102,0
0,4,739781,0
0,3,684785,0
0,3,692293,0
0,3,727682,0
0,1,738094,0
0,2,710946,0
0,1,712158,0
0,1,610414,0
0,1,717605,0
0,1,592101,0
0,1,592443,0
0,1,418786,0
0,1,749160,0
0,1,652379,0
0,1,746112,0
0,1,747301,0
0,1,751268,0
0,1,561103,0
0,1,747433,0
0,1,747366,0
0,1,593908,0
0,1,744330,0
0,1,529243,0
0,1,746024,0
0,1,734040,0
0,1,749702,0
0,2,723660,0
0,1,746226,0
0,1,732507,0
0,1,515473,0
0,1,728491,0
0,1,648787,0
0,1,733497,0
0,1,731468,0
0,1,757283,0
0,1,668666,0
0,1,531357,0
0,1,668796,0
0,4,540269,0
0,4,539322,0
0,1,377653,0
0,2,737303,0
0,1,751143,0
0,1,626364,0
0,1,625525,0
0,1,748472,0
0,2,729986,0
0,1,568257,0
0,1,749583,0
0,1,622629,0
0,1,622596,0
0,1,733308,0
0,1,652049,0
0,2,743958,0
0,1,746968,0
0,1,651065,0
0,1,461993,0
0,1,644744,0
0,1,720690,0
0,1,672347,0
0,1,718708,0
0,1,701238,0
0,1,698424,0
0,1,696744,0
0,1,683243,0
0,1,655324,0
0,1,701091,0
0,1,739830,0
0,1,498937,0
0,1,740482,0
0,1,502439,0
0,1,502795,0
0,1,508914,0
0,1,561638,0
0,1,563045,0
0,1,523352,0
0,5,611441,0
0,1,520868,0
0,1,549403,0
0,1,464637,0
0,1,577253,0
0,1,582155,0
0,1,579674,0
0,1,580093,0
0,1,586152,0
0,1,570915,0
0,1,566782,0
0,1,673540,0
0,1,675672,0
0,1,673599,0
0,1,681160,0
0,1,681003,0
0,1,687426,0
0,1,664251,0
0,1,667233,0
0,1,745099,0
0,1,654686,0
0,1,617478,0
0,1,705424,0
0,1,704685,0
0,1,701501,0
0,1,741445,0
0,1,756467,0
0,1,751432,0
0,1,480278,0
0,1,744598,0
0,1,754653,0
0,1,760622,0
0,1,766830,0
0,1,767752,0
0,1,763176,0
0,1,765212,0
0,1,763351,0
0,1,763773,0
0,8,767057,0
0,1,726462,0
0,4,763547,0
0,1,684251,0
0,1,684182,0
0,1,684167,0
0,2,627006,0
0,1,684681,0
0,1,538186,0
0,1,572231,0
0,1,682670,0
0,1,682750,0
0,1,742845,0
0,1,682797,0
0,1,527316,0
0,1,533685,0
0,2,604419,0
0,1,580938,0
0,1,551046,0
0,1,742856,0
0,1,759336,0
0,1,767049,0
0,1,718421,0
0,1,570611,0
0,1,766556,0
0,1,735837,0
0,1,676880,0
0,1,715465,0
0,1,723940,0
0,1,712087,0
1,2,712051,50
0,1,578127,0
0,1,728174,0
0,1,747181,0
0,2,528106,0
0,1,747963,0
0,1,744898,0
0,1,727575,0
0,1,661658,0
0,1,665868,0
0,1,569593,0
0,1,602377,0
0,1,644614,0
0,1,732199,0
0,1,732203,0
0,1,756879,0
0,1,697155,0
0,1,707994,0
0,1,749252,0
0,1,730467,0
0,1,695972,0
0,1,681063,0
0,1,728766,0
0,1,729244,0
0,1,734764,0
0,1,689314,0
0,1,687713,0
0,1,630716,0
0,1,688259,0
0,1,523937,0
0,1,646612,0
0,1,587876,0
0,1,754749,0
0,2,564330,0
0,1,693853,0
0,2,520812,0
0,5,521683,0
0,2,539725,0
0,2,541013,0
0,3,567460,0
0,3,573652,0
0,3,542353,0
0,2,542641,0
0,2,544393,0
0,2,626085,0
0,2,622143,0
0,3,622350,0
0,2,630941,0
0,2,631235,0
0,2,647269,0
0,2,647600,0
0,4,639708,0
0,2,647663,0
0,2,654292,0
0,2,658391,0
0,1,661282,0
0,1,663558,0
0,1,664712,0
0,1,668649,0
0,1,659429,0
0,1,674053,0
0,1,675354,0
0,1,678110,0
0,1,680178,0
0,1,681709,0
0,4,687407,0
0,1,692562,0
0,1,693804,0
0,1,695204,0
0,1,715344,0
0,1,695428,0
0,1,766348,0
0,1,679233,0
0,1,715419,0
0,1,759728,0
0,1,759393,0
0,1,767032,0
0,1,766982,0
0,1,717955,0
0,1,701770,0
0,1,697690,0
0,1,704434,0
0,1,705476,0
0,1,705681,0
0,1,708969,0
0,1,709087,0
0,1,710906,0
0,1,715523,0
0,1,710108,0
0,3,716886,0
0,1,719417,0
0,1,718790,0
0,1,719511,0
0,1,720292,0
0,1,720656,0
0,1,722080,0
0,1,722853,0
0,1,722886,0
0,1,724440,0
0,1,724451,0
0,1,729163,0
0,1,730702,0
0,1,744745,0
0,3,737884,0
0,1,738801,0
0,1,759181,0
0,1,718145,0
0,1,738190,0
0,1,733109,0
0,1,755418,0
0,1,729612,0
0,1,732012,0
0,1,748466,0
0,1,729961,0
0,1,757710,0
0,1,761261,0
0,1,765007,0
1,6,769473,16.666666666666664
0,1,731752,0
0,1,760292,0
0,1,740606,0
0,3,637099,0
0,1,580748,0
0,1,759229,0
0,1,729278,0
0,1,750534,0
0,1,764697,0
0,1,768142,0
0,1,752286,0
0,2,757901,0
0,1,730940,0
0,1,746614,0
0,1,729819,0
0,1,740312,0
0,1,742602,0
0,1,720921,0
0,1,732014,0
0,1,751211,0
0,1,761771,0
0,1,751237,0
0,1,687669,0
0,1,484595,0
0,3,403658,0
0,2,433883,0
0,1,725640,0
0,2,407475,0
0,2,424998,0
0,2,425717,0
0,2,425623,0
0,2,413164,0
0,2,427439,0
0,2,429180,0
0,2,423392,0
0,2,428561,0
0,2,418265,0
0,2,423301,0
0,2,398413,0
0,2,419549,0
0,2,413810,0
0,2,418025,0
0,2,406849,0
0,2,400340,0
0,2,45142,0
0,2,414495,0
0,2,541048,0
0,2,558669,0
0,2,498883,0
0,2,481009,0
0,2,520042,0
0,2,520321,0
0,2,517319,0
0,2,514051,0
0,2,497966,0
0,2,488895,0
0,2,483154,0
0,2,486227,0
0,2,518635,0
0,2,507779,0
0,2,487823,0
0,2,493795,0
0,2,412481,0
0,2,517618,0
0,2,416866,0
0,2,406807,0
0,2,610884,0
0,2,541132,0
0,2,414382,0
0,2,609435,0
0,2,609618,0
0,2,610767,0
0,2,617163,0
0,2,615545,0
0,2,621006,0
0,2,435635,0
0,3,467583,0
0,3,448480,0
0,2,475599,0
0,2,468982,0
0,2,450528,0
0,2,434636,0
0,5,768862,0
0,5,746863,0
0,5,746852,0
0,6,755537,0
0,6,771639,0
0,7,762329,0
0,6,769190,0
0,6,768976,0
0,3,769679,0
0,6,769276,0
0,2,701912,0
0,1,755839,0
0,6,770398,0
0,1,755353,0
0,1,662456,0
0,4,762554,0
0,1,722003,0
0,1,726609,0
0,1,735528,0
0,1,685954,0
0,1,655235,0
0,3,762507,0
0,2,611079,0
0,2,611636,0
0,1,523498,0
0,2,570228,0
0,1,523837,0
0,1,539634,0
0,2,574087,0
0,1,622303,0
0,1,645523,0
0,1,659424,0
0,1,656379,0
0,1,670283,0
0,1,677620,0
0,1,677878,0
0,1,689337,0
0,1,692996,0
0,1,709748,0
0,1,701475,0
0,1,719366,0
0,1,727706,0
0,1,740524,0
0,1,731120,0
0,1,734988,0
0,1,741138,0
0,1,743460,0
0,1,746270,0
0,1,752025,0
0,1,747210,0
0,1,753107,0
0,1,754279,0
0,2,575175,0
0,1,763528,0
0,3,583141,0
0,3,589233,0
0,4,750707,0
0,3,597877,0
0,1,724505,0
0,1,753451,0
0,1,713818,0
0,1,750911,0
0,2,760966,0
0,4,762764,0
0,1,752562,0
0,1,640396,0
0,1,645135,0
0,1,685611,0
0,1,696823,0
0,1,708868,0
0,2,747137,0
0,1,345653,0
0,1,372133,0
0,1,376176,0
0,1,378237,0
0,1,383451,0
0,1,701166,0
0,1,291681,0
0,1,670731,0
0,2,621612,0
0,1,753785,0
0,1,670688,0
0,1,411333,0
0,1,754260,0
0,1,719220,0
0,1,733455,0
0,1,646648,0
0,1,586456,0
0,1,744755,0
0,1,413300,0
0,1,684224,0
0,1,533586,0
1,0,735942,100
0,1,738468,0
0,7,734312,0
1,6,733898,16.666666666666664
0,6,733870,0
0,7,733585,0
0,5,713477,0
0,6,733286,0
0,5,712472,0
0,5,712795,0
0,8,710687,0
0,6,711309,0
0,7,710526,0
0,7,716921,0
0,6,714429,0
0,6,738655,0
0,6,737442,0
0,6,736506,0
0,6,731623,0
0,7,731866,0
0,6,731356,0
0,5,729554,0
0,5,611236,0
0,5,611133,0
0,6,609131,0
0,6,609710,0
1,7,608483,14.285714285714285
0,7,608335,0
0,6,607395,0
0,6,606474,0
0,6,605948,0
0,7,652578,0
0,6,650484,0
0,6,651408,0
0,6,650102,0
0,6,648640,0
0,7,617248,0
0,6,617021,0
0,7,615656,0
0,6,612081,0
0,7,613132,0
0,6,645626,0
0,6,645319,0
0,6,644276,0
0,6,644536,0
0,6,622992,0
0,6,640732,0
0,6,630074,0
0,7,621627,0
0,6,628742,0
0,6,621086,0
0,5,620724,0
0,5,619111,0
0,6,618750,0
0,5,618427,0
0,5,618341,0
0,6,617721,0
0,5,618310,0
0,6,617413,0
0,2,711128,0
0,2,711042,0
0,2,711120,0
0,3,710982,0
0,2,710977,0
0,2,710934,0
0,2,710932,0
0,2,710915,0
0,2,710924,0
0,2,710830,0
0,2,710845,0
0,2,710796,0
0,2,710815,0
0,2,710443,0
0,2,710548,0
0,2,717186,0
0,2,717333,0
0,2,717144,0
0,2,717002,0
0,2,716936,0
0,2,716905,0
0,2,716778,0
0,2,716869,0
0,2,716696,0
0,2,716653,0
0,2,716588,0
0,2,716649,0
0,2,716585,0
0,2,716578,0
0,2,716294,0
0,2,716537,0
0,2,716274,0
0,2,716288,0
0,2,716236,0
0,2,716255,0
0,2,716054,0
0,2,715808,0
0,2,715633,0
0,2,715684,0
0,1,715609,0
0,1,715266,0
0,1,715436,0
0,1,715511,0
0,1,715190,0
0,1,715167,0
0,1,714989,0
0,1,715100,0
0,1,714677,0
0,1,715172,0
0,1,714525,0
0,1,714551,0
0,1,714485,0
0,1,350170,0
0,1,382173,0
0,1,366726,0
0,1,381861,0
0,1,393115,0
0,1,339830,0
0,1,373055,0
0,1,323046,0
0,1,331387,0
0,1,387260,0
0,1,387330,0
0,1,358708,0
0,1,600165,0
0,1,593781,0
0,1,599777,0
0,1,600095,0
0,1,599342,0
0,2,579952,0
0,2,574842,0
0,1,539369,0
0,2,567145,0
0,2,598905,0
0,2,597903,0
0,3,557810,0
0,2,597887,0
0,2,598902,0
0,3,598867,0
0,1,598523,0
0,1,597251,0
0,2,597297,0
0,2,593180,0
0,1,598571,0
0,1,588335,0
0,2,598499,0
0,2,597395,0
0,5,597382,0
0,1,593732,0
0,3,595730,0
0,1,594219,0
0,3,595319,0
0,1,596477,0
0,2,596453,0
0,1,595947,0
0,3,595937,0
0,1,595931,0
0,2,595738,0
0,2,595557,0
0,1,594122,0
0,1,593545,0
0,4,595788,0
0,2,575159,0
0,1,594920,0
0,1,593221,0
0,2,594541,0
0,2,594487,0
0,1,591583,0
0,1,593629,0
0,1,590864,0
0,2,591701,0
0,1,593045,0
0,1,593497,0
0,2,593365,0
0,8,591174,0
0,3,590778,0
0,3,591605,0
0,2,592106,0
0,1,592918,0
0,1,714482,0
0,1,591888,0
0,1,714465,0
0,1,354017,0
0,1,327097,0
0,1,360333,0
0,1,377057,0
0,1,371790,0
0,1,340564,0
0,1,378856,0
0,1,373391,0
0,1,338435,0
0,1,204789,0
0,1,325753,0
0,1,429205,0
0,1,397512,0
0,1,430977,0
0,1,425708,0
0,1,430631,0
0,1,398234,0
0,1,430663,0
0,1,552765,0
0,1,424366,0
0,1,593712,0
0,1,308007,0
0,1,501039,0
0,2,383255,0
0,2,356794,0
0,1,653054,0
0,1,750944,0
0,1,736744,0
0,1,443464,0
0,1,461795,0
0,1,445382,0
0,1,457432,0
0,1,463428,0
0,1,435464,0
0,1,447377,0
0,1,459462,0
0,1,447572,0
0,1,465049,0
0,1,403523,0
0,1,421245,0
0,1,393330,0
0,1,409020,0
0,1,413741,0
0,1,414140,0
0,1,561306,0
0,1,411394,0
0,1,664512,0
0,1,721561,0
0,1,760802,0
0,1,763852,0
0,2,612662,0
0,1,661355,0
0,1,601499,0
0,1,738273,0
0,1,429052,0
0,1,600951,0
0,1,693557,0
0,1,654725,0
0,2,550142,0
0,1,738497,0
0,1,714007,0
0,1,553470,0
0,1,727570,0
0,1,733392,0
0,1,760154,0
0,1,554871,0
0,1,719503,0
0,1,563916,0
0,1,691743,0
0,1,654355,0
0,1,723863,0
0,1,606308,0
0,1,746153,0
0,1,754974,0
0,1,491677,0
0,1,754837,0
0,1,737288,0
0,1,485186,0
0,1,702077,0
0,1,614400,0
0,1,640220,0
0,1,683464,0
0,1,622632,0
0,1,560093,0
0,1,664582,0
0,1,547727,0
0,1,250123,0
0,1,132758,0
0,1,754990,0
0,1,257569,0
0,1,572177,0
0,1,568367,0
0,1,663235,0
0,1,663177,0
0,1,676358,0
0,1,686851,0
0,1,696001,0
0,1,696752,0
0,1,712538,0
0,1,502675,0
0,1,516124,0
0,1,436423,0
0,1,436950,0
0,1,436445,0
0,1,558932,0
0,2,606779,0
0,1,562994,0
0,1,451099,0
0,3,576311,0
0,3,574660,0
0,1,619934,0
0,1,541019,0
0,1,623034,0
0,1,626569,0
0,1,642623,0
0,1,171456,0
0,1,132034,0
0,1,283982,0
0,2,435111,0
0,1,449475,0
0,1,441304,0
0,1,475760,0
0,1,474880,0
0,1,416287,0
0,1,415766,0
0,2,408485,0
0,1,403710,0
0,3,402576,0
0,2,614990,0
0,1,518108,0
0,1,510495,0
0,1,514050,0
0,1,508612,0
0,1,502902,0
0,1,502209,0
0,1,501593,0
0,1,498398,0
0,4,534552,0
0,1,524389,0
0,1,522968,0
0,7,768679,0
0,6,766775,0
0,6,767797,0
0,6,769326,0
0,2,753297,0
0,6,768672,0
0,5,771517,0
0,3,771988,0
0,4,770994,0
0,4,756149,0
0,3,770183,0
0,3,763433,0
0,3,726194,0
0,3,768084,0
0,3,769262,0
0,3,768193,0
0,3,765977,0
0,3,767995,0
0,3,771704,0
0,2,755729,0
0,2,766975,0
0,2,767280,0
0,2,766645,0
0,3,770174,0
0,2,767460,0
0,1,704129,0
0,1,704051,0
0,1,703984,0
0,1,703932,0
0,1,703914,0
0,1,703896,0
0,1,703868,0
0,1,703853,0
0,1,703841,0
0,1,703858,0
0,1,703782,0
0,1,703762,0
0,1,703632,0
0,1,703489,0
0,1,703402,0
0,1,703315,0
0,1,703301,0
0,1,703091,0
0,1,703004,0
0,1,702706,0
0,1,702611,0
0,1,702574,0
0,1,702462,0
0,1,702428,0
0,1,714102,0
0,1,714246,0
0,1,714081,0
0,1,714028,0
0,1,713971,0
0,1,738943,0
0,1,738900,0
0,1,738865,0
0,1,738957,0
0,1,738841,0
0,1,738767,0
0,1,738694,0
0,1,738373,0
0,1,738444,0
0,1,737620,0
0,1,738171,0
0,1,737559,0
0,1,737404,0
0,1,737325,0
0,1,737165,0
0,1,737054,0
0,1,737118,0
0,1,736841,0
0,1,736898,0
0,2,736413,0
0,1,736195,0
0,1,706057,0
0,1,706095,0
0,1,705771,0
0,1,705989,0
0,1,705740,0
0,1,705737,0
0,1,705735,0
0,1,705695,0
0,1,705606,0
0,1,705644,0
0,1,705564,0
0,1,705595,0
0,1,705213,0
0,1,705249,0
0,1,704904,0
0,1,705195,0
0,1,704461,0
0,1,704682,0
0,1,704402,0
0,1,704385,0
0,1,704358,0
0,1,704325,0
0,1,614874,0
0,1,704320,0
0,1,611971,0
0,1,738851,0
0,1,605944,0
0,1,710967,0
0,1,572238,0
0,1,582030,0
0,1,670156,0
0,1,525511,0
0,1,697986,0
0,1,694485,0
0,1,660340,0
0,1,687453,0
0,1,732452,0
0,1,417965,0
0,1,514139,0
0,1,545619,0
0,1,659505,0
0,1,730612,0
0,1,727922,0
0,1,536726,0
0,1,727597,0
0,1,727491,0
0,1,571043,0
0,1,657559,0
0,1,678848,0
0,1,574478,0
0,1,410674,0
0,1,680923,0
0,1,520977,0
0,1,545239,0
0,1,342522,0
0,1,735795,0
0,1,726291,0
0,1,655310,0
0,1,620662,0
0,1,684677,0
0,1,687776,0
0,1,570636,0
0,1,657866,0
0,1,616311,0
0,1,725808,0
0,1,720035,0
0,1,728324,0
0,1,701874,0
0,1,532901,0
0,1,723430,0
0,1,585946,0
0,1,623177,0
0,1,678487,0
0,2,550576,0
0,2,588775,0
0,2,576784,0
0,2,613757,0
0,2,593564,0
0,2,657770,0
0,2,726245,0
0,2,722706,0
0,2,737368,0
0,2,739567,0
0,2,725132,0
0,2,649661,0
0,2,651375,0
0,2,577075,0
0,2,577083,0
0,2,555655,0
0,2,584477,0
0,2,696809,0
0,2,658905,0
0,2,501807,0
0,2,529446,0
0,2,608672,0
0,2,545257,0
0,2,574971,0
0,2,596521,0
0,2,580851,0
0,2,614102,0
0,2,651291,0
0,2,645412,0
0,2,745488,0
0,2,692339,0
0,2,725309,0
0,2,608787,0
0,2,721465,0
0,2,675646,0
0,2,613788,0
0,2,722115,0
0,2,618807,0
0,2,674365,0
0,2,677735,0
0,2,680558,0
0,2,682883,0
0,2,686273,0
0,2,697760,0
0,2,693793,0
0,2,650227,0
0,2,653869,0
0,4,765472,0
0,4,770112,0
0,5,768146,0
1,4,768966,25
0,4,767910,0
0,4,768309,0
0,4,770059,0
0,4,767494,0
1,5,769161,20
0,5,746850,0
0,4,746830,0
0,4,770369,0
0,5,769588,0
0,4,769464,0
0,5,769240,0
0,5,769061,0
1,5,770348,20
0,5,748143,0
0,5,749575,0
0,6,757176,0
0,5,768657,0
0,5,767983,0
0,5,769519,0
0,5,768111,0
0,4,767229,0
0,5,771387,0
0,6,767521,0
0,5,769247,0
0,5,769104,0
0,5,769373,0
0,5,769400,0
0,5,769212,0
0,6,770141,0
0,5,768809,0
0,5,769084,0
0,5,768097,0
0,6,768714,0
0,5,767803,0
1,0,745384,100
1,0,512323,100
0,1,256239,0
0,1,326759,0
0,1,358258,0
0,2,197376,0
0,1,364118,0
0,1,385049,0
0,1,122003,0
0,4,436485,0
1,0,774687,100
1,2,758011,50
1,0,712786,100
0,1,766397,0
0,1,767884,0
0,1,769288,0
0,2,767931,0
0,1,767974,0
0,1,759744,0
1,1,495031,100
0,1,200070,0
0,1,199690,0
0,1,198037,0
0,1,198380,0
0,1,196910,0
0,1,190367,0
0,1,196187,0
0,1,196863,0
0,1,528121,0
0,1,586403,0
0,1,627326,0
0,1,601360,0
0,1,446639,0
0,1,428424,0
0,1,621583,0
0,1,760668,0
0,1,733327,0
0,1,674023,0
0,1,588112,0
0,1,433161,0
0,1,650424,0
0,1,650306,0
0,1,607625,0
0,1,469442,0
0,2,767927,0
0,1,733294,0
0,2,615539,0
0,1,766995,0
0,1,602984,0
0,1,755456,0
0,2,610985,0
0,1,301881,0
1,1,753929,100
0,1,373844,0
0,1,754233,0
0,1,685014,0
0,1,645242,0
0,1,568080,0
0,1,719150,0
0,1,732814,0
0,1,745555,0
0,1,695576,0
0,1,729931,0
0,1,759021,0
0,1,623943,0
0,1,625469,0
0,1,644995,0
0,1,645815,0
0,1,608163,0
0,1,501306,0
0,1,526853,0
0,1,524056,0
0,1,539506,0
0,1,538901,0
0,1,390574,0
0,1,363345,0
0,1,581686,0
0,1,753382,0
0,1,739178,0
0,1,486566,0
0,1,582806,0
0,1,592356,0
0,1,747207,0
0,1,622852,0
0,1,527246,0
0,1,569739,0
0,1,750438,0
0,1,620612,0
0,1,432613,0
0,1,518647,0
0,1,593229,0
0,1,576687,0
0,1,406451,0
0,1,682893,0
0,1,657957,0
0,1,607795,0
0,1,592192,0
0,1,681736,0
0,1,623649,0
0,1,705560,0
0,1,702310,0
0,1,702232,0
0,2,702258,0
0,1,702139,0
0,1,702040,0
0,1,702031,0
0,1,702048,0
0,1,702029,0
0,1,702020,0
0,1,701864,0
0,1,701692,0
0,1,701944,0
0,1,563551,0
0,1,687841,0
0,1,719019,0
0,1,693309,0
0,1,673603,0
0,1,693082,0
0,1,445434,0
0,1,445309,0
0,1,732605,0
0,1,712945,0
0,1,701680,0
0,1,701588,0
0,1,701415,0
0,2,732384,0
0,1,732347,0
0,2,732283,0
0,1,731787,0
0,1,731876,0
0,1,731757,0
0,1,731581,0
0,1,731130,0
0,1,731296,0
0,1,730931,0
0,1,731054,0
0,1,730703,0
0,1,730755,0
0,1,730521,0
0,1,730568,0
0,1,730116,0
0,1,730040,0
0,1,465066,0
0,1,682805,0
0,1,437059,0
0,1,434647,0
0,1,446539,0
0,1,460151,0
0,1,480753,0
0,1,683596,0
0,1,439187,0
0,1,669442,0
0,1,472392,0
0,1,436342,0
1,1,689622,100
0,1,474622,0
0,1,467741,0
0,1,479351,0
0,1,437815,0
0,1,465055,0
0,1,440541,0
0,1,435646,0
0,1,435252,0
0,1,451115,0
0,1,445745,0
0,1,439026,0
0,1,467399,0
0,1,440340,0
0,1,464007,0
0,1,467502,0
0,1,457807,0
0,1,456359,0
0,1,436348,0
0,1,479740,0
0,1,438287,0
0,1,440532,0
0,1,472275,0
0,1,432402,0
0,1,458108,0
0,1,461122,0
0,1,456357,0
3,1,450536,300
0,1,439363,0
0,1,441323,0
0,1,451930,0
0,1,450399,0
0,1,440593,0
0,1,440573,0
0,1,447413,0
0,1,469458,0
0,2,219246,0
0,1,663166,0
0,2,671575,0
0,1,716697,0
0,1,664567,0
0,1,751020,0
0,2,633784,0
0,1,624382,0
0,1,706725,0
0,1,535002,0
0,1,533656,0
0,1,525225,0
0,1,526005,0
0,1,522434,0
0,3,492508,0
0,3,488190,0
0,1,337496,0
0,2,295599,0
0,1,301355,0
0,1,267819,0
0,1,463002,0
0,1,189263,0
0,1,194953,0
0,1,443546,0
0,1,379144,0
0,1,574703,0
0,1,524435,0
0,1,527009,0
0,1,521584,0
0,1,521269,0
0,1,531919,0
0,1,520411,0
0,1,528482,0
0,1,470943,0
0,1,474096,0
0,1,531915,0
0,1,506330,0
0,1,504102,0
0,1,480014,0
0,1,519077,0
0,1,516737,0
0,1,490511,0
0,1,444405,0
0,1,431936,0
0,1,400930,0
0,1,392829,0
0,1,412633,0
0,1,355303,0
0,1,352829,0
0,1,354612,0
0,1,754698,0
0,1,753821,0
0,1,355795,0
0,1,489273,0
0,1,671341,0
0,1,627906,0
0,1,605013,0
0,2,565549,0
0,2,611378,0
0,1,683205,0
0,1,230233,0
0,1,117588,0
0,1,652897,0
0,1,550494,0
0,1,620055,0
0,3,579968,0
0,1,707717,0
0,1,496301,0
0,2,576850,0
0,1,534753,0
0,1,486638,0
0,1,620098,0
0,1,758457,0
0,1,122145,0
0,1,584989,0
0,1,539510,0
0,1,500729,0
0,1,366593,0
0,1,190737,0
0,1,494751,0
0,1,731316,0
0,1,516210,0
0,1,507594,0
0,2,584418,0
0,2,642856,0
0,2,704767,0
0,2,736281,0
0,2,739877,0
0,2,720751,0
0,2,722517,0
0,2,722532,0
0,2,715509,0
0,2,723919,0
0,2,728966,0
0,2,716379,0
0,2,713054,0
0,2,719925,0
0,2,705446,0
0,2,747644,0
0,2,737553,0
0,2,725054,0
0,2,654472,0
0,2,732211,0
0,2,516964,0
0,2,697960,0
0,2,738685,0
0,2,699408,0
0,2,671139,0
0,2,619363,0
0,2,649722,0
0,2,730775,0
0,2,632198,0
0,2,671972,0
0,2,614398,0
0,2,719518,0
0,1,554326,0
0,1,729255,0
0,1,539062,0
0,1,750786,0
0,1,517183,0
0,1,542373,0
0,1,497981,0
0,1,556047,0
0,1,564227,0
0,1,495731,0
0,1,619628,0
0,1,621146,0
0,1,619664,0
0,2,622484,0
0,2,622965,0
0,2,614635,0
0,2,603234,0
1,0,560386,100
0,1,609902,0
0,1,609798,0
0,1,609722,0
0,1,609749,0
0,1,609727,0
0,1,609719,0
0,1,609579,0
0,1,609478,0
0,1,609443,0
0,1,609295,0
0,1,609253,0
0,1,609089,0
0,1,609016,0
0,1,608967,0
0,1,609065,0
0,1,608842,0
0,1,608927,0
0,1,608618,0
0,1,608599,0
0,1,608820,0
1,0,734548,100
0,1,745497,0
0,1,738421,0
0,1,742387,0
0,3,759524,0
0,1,753633,0
0,1,151627,0
0,1,755475,0
0,1,750223,0
0,1,694255,0
0,1,751985,0
0,1,751996,0
0,1,753189,0
0,1,755848,0
0,3,764847,0
0,3,763586,0
0,3,770048,0
0,1,753562,0
0,1,752015,0
0,1,756255,0
0,1,719302,0
0,1,753481,0
0,1,191212,0
0,4,748702,0
0,3,588578,0
0,2,769652,0
0,3,767876,0
0,2,767729,0
0,1,765482,0
0,2,767449,0
0,2,767759,0
0,3,768767,0
0,2,769983,0
0,2,768567,0
0,1,774699,0
0,2,774697,0
0,1,774696,0
0,1,767283,0
0,2,774689,0
0,1,727654,0
0,2,769746,0
0,2,768758,0
0,2,768708,0
0,2,769808,0
0,3,752354,0
0,2,767914,0
0,3,769248,0
0,2,770294,0
0,2,769021,0
0,3,769298,0
0,1,770184,0
0,1,227057,0
0,1,383278,0
0,1,497480,0
0,1,497338,0
0,1,367859,0
0,1,497301,0
0,1,424822,0
0,1,236239,0
0,4,517867,0
0,1,434115,0
0,1,256777,0
0,1,376608,0
0,1,413089,0
0,1,383318,0
0,1,451707,0
0,1,358917,0
0,1,552136,0
0,1,326550,0
0,1,377499,0
0,1,537959,0
0,1,430694,0
0,1,295339,0
0,1,425451,0
0,1,145943,0
0,1,244883,0
0,1,269070,0
0,1,318952,0
0,1,109140,0
0,1,474632,0
0,1,305451,0
0,1,454168,0
0,1,453019,0
0,1,456941,0
0,1,335603,0
0,1,303084,0
0,1,491189,0
0,1,770018,0
0,1,750508,0
0,1,733575,0
0,1,656537,0
0,1,751156,0
0,1,751093,0
0,1,730152,0
0,1,763749,0
0,6,749725,0
2,1,745043,200
0,4,751194,0
0,4,749045,0
0,4,600303,0
0,4,733349,0
0,4,729209,0
0,4,684603,0
0,4,446920,0
2,2,605385,100
0,4,689400,0
0,4,671649,0
0,4,758019,0
0,5,758440,0
0,4,757081,0
0,4,758322,0
0,4,763362,0
0,4,758336,0
0,5,759553,0
0,4,758146,0
0,4,727553,0
0,4,758174,0
0,4,617901,0
0,4,325815,0
0,1,198165,0
0,1,198309,0
0,1,196270,0
0,1,196279,0
0,1,196214,0
0,1,193118,0
0,1,195301,0
0,1,194360,0
0,1,194859,0
0,1,195377,0
0,1,194914,0
0,1,193096,0
0,1,192503,0
0,1,193971,0
0,1,188271,0
0,1,193236,0
0,1,188098,0
0,1,177091,0
0,1,183197,0
0,1,192318,0
0,1,192580,0
0,1,192640,0
0,1,189007,0
0,1,192655,0
0,1,192646,0
0,1,187325,0
0,2,192597,0
0,3,190147,0
0,1,180763,0
0,1,187884,0
0,1,188460,0
0,1,186177,0
0,1,191782,0
0,1,192400,0
0,1,187973,0
0,1,187991,0
0,1,188047,0
0,1,184871,0
0,1,186046,0
0,1,189163,0
0,1,188000,0
0,1,158535,0
0,1,162696,0
0,1,184519,0
0,1,184708,0
0,1,184645,0
0,1,182384,0
0,1,177242,0
0,1,182285,0
0,1,179815,0
0,1,179378,0
0,1,690844,0
0,1,617842,0
0,1,670103,0
0,1,680934,0
0,1,675113,0
0,2,767872,0
0,2,767888,0
0,2,767393,0
0,2,767230,0
0,1,765195,0
0,1,765517,0
0,1,757925,0
0,2,747389,0
0,1,750955,0
0,3,770610,0
0,1,687187,0
0,1,681349,0
0,1,639575,0
0,1,659953,0
0,1,568214,0
0,1,654730,0
0,1,546396,0
0,1,571660,0
0,1,707946,0
0,1,731252,0
0,1,596919,0
0,1,597049,0
0,1,587787,0
0,1,717407,0
0,1,720566,0
0,1,567561,0
0,1,709776,0
0,1,617403,0
0,1,691197,0
0,1,691925,0
0,1,720520,0
0,1,594586,0
0,1,591097,0
0,1,596198,0
0,1,562225,0
0,1,568205,0
0,1,497022,0
0,1,570426,0
0,1,728526,0
0,1,736300,0
0,1,645118,0
0,1,723994,0
0,1,736785,0
0,1,737401,0
0,1,620660,0
0,1,574156,0
0,1,742902,0
0,2,519438,0
0,3,517944,0
0,3,517142,0
0,3,516173,0
0,3,511286,0
0,3,513205,0
0,3,486853,0
0,3,486164,0
0,3,485290,0
0,3,484628,0
0,3,480299,0
0,3,484268,0
0,3,484708,0
0,3,479036,0
0,3,478537,0
0,3,508180,0
0,3,508148,0
0,3,505061,0
0,4,504683,0
0,3,504661,0
0,3,502696,0
0,3,502353,0
0,3,502080,0
0,4,501513,0
0,3,501450,0
0,3,500769,0
0,3,500411,0
0,3,500235,0
0,3,533932,0
0,3,531341,0
0,3,537273,0
0,1,608456,0
0,1,608266,0
0,1,608166,0
0,1,608290,0
0,1,608132,0
0,1,608112,0
0,1,608060,0
0,2,607896,0
0,1,607884,0
0,1,607710,0
0,1,607629,0
0,1,607532,0
0,1,607574,0
0,1,607500,0
0,1,607442,0
0,1,607410,0
0,1,607349,0
0,1,607334,0
0,1,607306,0
0,1,607241,0
0,1,607169,0
0,1,607178,0
0,1,606856,0
0,1,606843,0
0,1,606815,0
0,1,606768,0
0,1,606767,0
0,1,606766,0
0,1,606693,0
0,1,606657,0
0,1,606302,0
0,1,363858,0
0,1,606038,0
0,1,509297,0
0,1,500962,0
0,1,529493,0
0,1,525877,0
0,1,535080,0
0,1,505850,0
0,1,493737,0
0,1,430656,0
0,1,407079,0
0,1,508154,0
0,1,534597,0
0,1,332201,0
0,1,430100,0
0,1,258734,0
0,1,377043,0
0,1,375648,0
0,1,425456,0
0,1,378200,0
0,1,334320,0
0,1,471296,0
0,1,436306,0
0,1,274925,0
0,1,416900,0
0,1,467180,0
0,1,466882,0
0,1,535261,0
0,1,365600,0
0,1,145692,0
0,1,505121,0
0,1,493206,0
0,1,502607,0
0,1,191894,0
0,1,365655,0
0,1,221910,0
0,1,325090,0
0,1,440929,0
0,1,437437,0
0,1,496199,0
0,1,402605,0
0,1,532320,0
0,1,433547,0
0,1,381767,0
0,1,501692,0
0,1,368661,0
0,1,395519,0
0,1,511549,0
0,1,531027,0
0,4,323960,0
0,1,486997,0
0,4,420022,0
0,4,754362,0
0,4,111597,0
0,4,394926,0
0,4,758455,0
0,4,436998,0
0,4,701653,0
0,4,758265,0
0,4,753070,0
0,4,428549,0
0,4,331749,0
0,4,385147,0
1,4,383590,25
0,4,452951,0
0,4,203909,0
0,4,504536,0
0,4,761390,0
1,4,206014,25
0,4,528563,0
0,4,511449,0
0,4,575634,0
0,4,646601,0
0,4,669888,0
0,4,701704,0
0,4,693113,0
0,4,594192,0
0,4,742020,0
0,4,461100,0
0,4,412007,0
0,3,301791,0
0,3,245229,0
0,3,414629,0
0,3,419036,0
0,3,559615,0
0,1,653595,0
0,1,653498,0
0,1,653519,0
0,1,653469,0
0,2,653456,0
0,1,653419,0
0,1,653394,0
0,1,653353,0
0,1,653336,0
0,1,653260,0
0,1,653258,0
0,1,653128,0
0,1,652996,0
0,1,653148,0
0,1,652992,0
0,1,652916,0
0,1,652739,0
0,1,652722,0
0,1,652677,0
0,1,652600,0
0,1,652436,0
0,1,652501,0
0,1,652393,0
0,1,652380,0
0,1,652339,0
0,1,652299,0
0,1,652333,0
0,2,652237,0
0,2,652325,0
0,1,652219,0
0,3,531110,0
0,3,529332,0
0,1,652164,0
0,3,529345,0
0,3,528759,0
0,3,545160,0
0,3,545004,0
0,3,544602,0
0,3,541774,0
0,3,543582,0
0,3,539018,0
0,3,539640,0
0,3,539011,0
0,3,538989,0
0,3,538423,0
0,3,538724,0
0,3,538315,0
0,3,538352,0
0,3,538187,0
0,3,537829,0
0,3,527675,0
0,3,527551,0
0,3,527263,0
0,3,527352,0
0,3,525817,0
0,3,524650,0
0,2,683654,0
0,2,759325,0
0,2,756422,0
0,2,647954,0
0,2,735563,0
0,2,755236,0
0,2,714513,0
0,2,703213,0
0,2,730257,0
0,2,660108,0
0,2,707627,0
0,2,687096,0
0,2,705284,0
0,2,692844,0
0,2,695349,0
0,2,739488,0
0,2,754360,0
0,2,591010,0
0,2,565987,0
0,2,534114,0
0,2,573098,0
0,2,522821,0
0,2,529127,0
0,2,529216,0
0,2,367800,0
0,2,522918,0
0,2,572089,0
0,2,420674,0
0,2,566051,0
0,2,547254,0
0,2,566057,0
0,2,546297,0
0,2,716350,0
0,2,696229,0
0,2,739518,0
0,2,717435,0
0,2,623735,0
0,2,743139,0
0,2,669313,0
0,2,731585,0
0,2,754869,0
0,2,752064,0
0,2,680081,0
0,2,697783,0
0,2,711530,0
0,2,726430,0
0,2,736772,0
0,1,595834,0
0,1,534359,0
0,1,558632,0
0,1,493974,0
0,1,689172,0
0,1,488211,0
0,1,689321,0
0,1,687974,0
0,1,429444,0
0,1,708811,0
0,1,493770,0
0,1,412716,0
0,1,723674,0
0,1,639169,0
0,1,719396,0
0,1,534875,0
0,1,614774,0
0,1,376917,0
0,1,480928,0
0,1,678028,0
0,1,550119,0
0,1,414714,0
0,1,682538,0
0,1,730584,0
0,1,736321,0
0,1,752356,0
0,2,577847,0
0,1,750351,0
0,1,553834,0
0,1,731029,0
0,1,758031,0
0,1,753935,0
0,1,733996,0
0,1,757684,0
0,1,766292,0
0,1,740857,0
0,1,756321,0
0,1,756701,0
0,1,722094,0
0,1,758986,0
0,1,738178,0
0,1,740147,0
0,1,735343,0
0,1,379192,0
0,2,769065,0
0,1,756868,0
0,1,743062,0
0,1,761861,0
0,1,761004,0
0,1,768272,0
0,1,759782,0
0,1,669160,0
0,1,384753,0
0,1,769015,0
0,1,666453,0
0,1,740788,0
0,1,607368,0
0,1,684412,0
0,1,765300,0
0,1,681312,0
0,1,740532,0
0,1,665926,0
0,1,641732,0
0,1,642588,0
0,1,747903,0
0,1,660883,0
0,1,684448,0
0,2,609112,0
0,1,740345,0
0,2,605035,0
0,1,720958,0
0,1,646230,0
0,1,714871,0
0,1,531007,0
0,1,716229,0
0,3,586620,0
0,1,750943,0
0,2,591761,0
0,3,586643,0
0,2,616895,0
0,2,600823,0
0,2,570383,0
0,3,575318,0
0,1,540001,0
0,1,623335,0
0,2,622543,0
0,1,550297,0
0,1,625618,0
0,1,662474,0
0,1,649668,0
0,1,667760,0
0,1,665709,0
0,1,692449,0
0,1,680305,0
0,1,697130,0
0,1,695214,0
0,1,705795,0
0,1,698224,0
0,1,706729,0
0,1,706112,0
0,1,706837,0
0,1,710081,0
0,1,723228,0
0,1,710329,0
0,1,726122,0
0,1,729998,0
0,1,738288,0
0,1,730856,0
0,1,752954,0
0,1,754607,0
0,4,764691,0
0,2,564420,0
0,2,616870,0
0,6,766461,0
0,1,759151,0
0,1,640102,0
0,2,759007,0
0,1,693829,0
0,1,556289,0
0,7,767180,0
0,1,693037,0
0,1,747138,0
0,2,612430,0
0,1,642320,0
0,1,680372,0
0,1,694130,0
0,1,717135,0
0,1,585902,0
0,1,673127,0
0,1,576962,0
0,1,588673,0
0,1,651808,0
0,1,627353,0
0,1,632873,0
0,1,683519,0
0,1,671330,0
0,2,752005,0
0,2,771394,0
0,2,756411,0
0,2,662045,0
0,2,754230,0
0,2,726722,0
0,2,738981,0
0,2,699887,0
0,2,683663,0
0,2,744331,0
0,1,646391,0
0,1,650562,0
0,1,650559,0
0,1,712910,0
0,1,650480,0
0,1,650396,0
0,1,650301,0
0,1,650158,0
0,1,650180,0
0,1,650112,0
0,1,650113,0
0,2,650070,0
0,1,650110,0
0,2,650066,0
0,1,649960,0
0,1,649962,0
0,1,649881,0
0,1,649758,0
0,1,649499,0
0,1,649672,0
0,1,649481,0
0,1,649432,0
0,1,649415,0
0,1,649207,0
0,1,649165,0
0,1,649137,0
0,1,649134,0
0,1,649120,0
0,1,649104,0
0,1,649068,0
0,1,648959,0
0,1,648953,0
0,1,648514,0
0,1,648825,0
0,1,648454,0
0,1,648494,0
0,1,648265,0
0,1,648228,0
0,1,648161,0
0,1,648136,0
0,1,648147,0
0,1,648134,0
0,1,617336,0
0,1,617329,0
0,1,617078,0
0,1,617106,0
0,1,617060,0
0,1,616972,0
0,1,616966,0
0,1,616928,0
0,1,616810,0
0,1,616847,0
0,1,616675,0
0,1,616500,0
0,1,652111,0
0,1,652037,0
0,1,652030,0
0,1,651981,0
0,1,651726,0
0,1,651719,0
0,1,651686,0
0,1,651392,0
0,1,651422,0
0,1,651380,0
0,1,651373,0
0,1,651369,0
0,1,651316,0
0,1,651308,0
0,1,651290,0
0,1,651272,0
0,1,651201,0
0,1,651179,0
0,1,650876,0
0,1,650786,0
0,1,650573,0
0,1,650605,0
0,1,648091,0
0,1,649287,0
0,1,640512,0
0,1,605388,0
0,1,609988,0
0,1,593913,0
0,1,599910,0
1,1,704334,100
0,1,701344,0
0,1,597854,0
0,1,673602,0
0,1,715570,0
0,1,680851,0
0,1,719639,0
0,1,720423,0
0,1,695123,0
0,1,698002,0
0,1,696444,0
0,1,687485,0
0,1,664568,0
0,1,713001,0
0,1,664656,0
0,1,745603,0
0,1,747453,0
0,1,736418,0
0,1,736864,0
0,1,736759,0
0,1,724753,0
0,1,727519,0
0,1,730872,0
0,1,734303,0
0,1,734331,0
0,1,558433,0
0,1,526614,0
0,1,665938,0
0,1,711386,0
0,1,645041,0
0,1,575669,0
0,1,675674,0
0,1,715257,0
0,1,675401,0
0,1,730865,0
0,1,719767,0
0,1,654671,0
0,3,593291,0
0,2,591966,0
0,2,593403,0
0,2,592807,0
0,2,591917,0
0,2,588107,0
0,1,591644,0
0,2,591785,0
0,2,591763,0
0,3,590717,0
0,2,591419,0
0,2,581128,0
0,3,590641,0
0,3,590790,0
0,1,588120,0
0,4,589342,0
0,2,584851,0
0,2,588580,0
0,1,589451,0
0,3,590330,0
0,2,589054,0
0,2,590469,0
0,2,589667,0
0,2,586357,0
0,2,589389,0
0,1,589584,0
0,2,586460,0
0,2,588325,0
0,2,589202,0
0,2,587588,0
0,2,582561,0
0,1,585178,0
0,8,586770,0
0,2,588073,0
0,1,584916,0
0,5,585894,0
0,4,585404,0
0,2,586915,0
1,0,676184,100
0,2,584930,0
1,3,725583,33.33333333333333
0,1,639058,0
0,1,573862,0
0,1,586309,0
0,1,504616,0
0,1,258681,0
0,1,683152,0
0,1,468501,0
0,1,762954,0
0,1,639370,0
0,1,762761,0
0,1,266029,0
0,1,695600,0
0,1,558717,0
0,1,393489,0
0,1,266183,0
0,1,726220,0
0,1,533070,0
0,1,547812,0
0,1,684551,0
0,1,195557,0
0,1,678219,0
0,1,677135,0
0,1,616355,0
0,1,401553,0
0,1,623688,0
0,1,48024,0
0,1,507565,0
0,1,526619,0
0,1,532900,0
0,1,586625,0
0,1,641822,0
0,1,714868,0
0,1,393508,0
0,1,485743,0
0,1,763242,0
0,1,763055,0
0,1,541843,0
0,1,740902,0
0,1,589193,0
0,1,315602,0
0,1,299398,0
0,1,576145,0
0,1,266740,0
0,1,740110,0
0,1,692781,0
0,2,95212,0
0,1,425580,0
0,1,62486,0
0,1,62488,0
0,1,592273,0
0,1,592318,0
0,1,558507,0
2,2,766539,100
0,1,614646,0
0,1,729185,0
0,3,570427,0
0,2,695878,0
0,2,734154,0
0,2,750111,0
0,2,743392,0
0,2,577806,0
0,2,586927,0
0,2,734234,0
0,1,575411,0
0,2,586089,0
0,2,580803,0
0,3,584189,0
0,2,583995,0
0,2,586820,0
0,2,587123,0
0,5,586970,0
0,2,583206,0
0,2,580342,0
1,7,746420,14.285714285714285
0,3,546762,0
0,3,644947,0
0,3,729443,0
0,3,499029,0
0,2,747304,0
0,2,555443,0
0,4,745372,0
0,2,567884,0
0,2,582735,0
0,2,734945,0
0,1,630650,0
0,1,553991,0
0,1,569493,0
0,1,496081,0
0,1,537534,0
0,1,411220,0
0,1,491893,0
0,1,531033,0
0,1,528504,0
0,1,736766,0
0,1,747845,0
0,1,725236,0
0,2,570746,0
0,1,493322,0
0,1,567721,0
0,1,566861,0
0,1,564758,0
0,1,497515,0
0,1,583653,0
0,1,584380,0
0,1,753249,0
0,1,735429,0
0,1,733787,0
0,1,716322,0
0,1,722645,0
0,1,486131,0
0,1,564230,0
0,1,582978,0
0,1,570790,0
0,1,581314,0
0,1,575880,0
0,1,753376,0
0,1,558767,0
0,1,738016,0
0,1,739597,0
0,1,542470,0
0,1,575315,0
2,0,738325,100
1,0,710563,100
1,6,725830,16.666666666666664
0,6,601810,0
0,8,421743,0
0,8,78877,0
0,6,346630,0
0,6,672724,0
0,6,672646,0
0,6,672431,0
0,6,669482,0
0,6,668874,0
0,6,665203,0
1,6,660704,16.666666666666664
0,6,661964,0
0,6,720809,0
0,6,720602,0
0,6,719352,0
0,6,718592,0
0,6,718431,0
0,6,686802,0
0,6,686866,0
0,6,685830,0
0,6,686536,0
0,6,685228,0
0,6,685570,0
0,6,685157,0
0,6,684869,0
0,6,682879,0
0,6,694985,0
0,6,694692,0
0,6,694357,0
0,6,698740,0
0,6,692525,0
0,6,678625,0
0,6,697670,0
0,6,678299,0
0,6,678079,0
0,6,677284,0
0,6,676625,0
0,6,675816,0
0,6,675458,0
0,6,675015,0
0,6,674941,0
0,6,674198,0
0,6,659141,0
0,6,657606,0
0,6,657616,0
0,6,657138,0
0,6,656685,0
0,6,656581,0
0,6,654448,0
0,6,655884,0
0,6,656029,0
0,6,689648,0
0,6,690806,0
0,6,689605,0
0,6,691365,0
0,6,689123,0
0,6,687876,0
0,6,686914,0
0,3,691010,0
0,3,540693,0
0,3,738697,0
0,3,618189,0
0,3,629212,0
0,3,680907,0
0,3,661805,0
0,3,695001,0
0,3,583739,0
0,1,721842,0
0,1,714932,0
0,1,746074,0
0,1,721965,0
0,1,684716,0
0,1,603155,0
0,1,541892,0
0,1,694269,0
0,2,559855,0
0,1,515462,0
0,1,562467,0
0,1,323706,0
0,1,486098,0
0,1,735939,0
0,1,544088,0
0,1,730737,0
0,1,651067,0
0,1,749310,0
0,1,721655,0
0,1,736345,0
0,2,522622,0
0,1,671461,0
0,2,522219,0
0,2,520970,0
0,2,520137,0
0,2,519916,0
0,2,493234,0
0,2,492551,0
0,2,489895,0
0,2,487835,0
0,2,495150,0
0,2,494203,0
0,2,331101,0
0,2,297453,0
0,2,327628,0
0,2,330360,0
0,3,132405,0
0,2,351793,0
0,2,736836,0
0,2,723143,0
0,2,715628,0
0,2,476584,0
0,2,734373,0
0,2,580522,0
0,2,738324,0
0,2,505744,0
0,2,674917,0
0,2,701194,0
0,2,657526,0
0,2,579471,0
0,2,746343,0
0,2,734047,0
0,2,505353,0
0,2,611239,0
0,2,751066,0
0,2,688889,0
0,2,736462,0
0,2,712034,0
0,2,621278,0
0,2,690873,0
0,2,666108,0
0,2,748501,0
0,2,574010,0
0,1,769933,0
0,2,563926,0
1,0,744109,100
1,0,416313,100
0,1,769193,0
0,1,762157,0
0,1,769700,0
0,1,768199,0
0,1,768818,0
0,1,769492,0
0,1,770706,0
0,1,768075,0
0,1,767883,0
0,1,769494,0
0,1,766548,0
0,1,768542,0
0,1,769337,0
0,1,769271,0
1,1,765805,100
0,1,769259,0
0,1,770276,0
0,2,767090,0
0,1,769754,0
0,1,769693,0
0,1,769976,0
0,1,768559,0
0,1,769514,0
0,1,768294,0
0,1,769846,0
0,1,768518,0
0,1,767975,0
0,1,766984,0
0,2,768645,0
1,0,711579,100
0,2,748525,0
0,2,745293,0
0,2,607467,0
0,2,744085,0
0,2,671629,0
0,2,740594,0
0,1,737471,0
0,1,448899,0
0,1,544858,0
0,1,706103,0
0,1,527561,0
0,1,674560,0
0,1,608356,0
0,1,558722,0
0,1,500861,0
0,1,439572,0
0,1,439550,0
0,1,385610,0
0,1,342972,0
0,1,615470,0
0,1,699953,0
0,1,446797,0
0,1,679448,0
0,1,306504,0
0,1,308761,0
0,3,577977,0
0,1,360081,0
0,1,687886,0
0,1,767417,0
0,1,441284,0
0,1,429267,0
0,1,381640,0
0,1,568007,0
0,1,424403,0
0,1,648182,0
0,1,683599,0
0,1,686963,0
0,1,695762,0
0,1,383227,0
0,1,621453,0
0,1,431708,0
0,1,561910,0
0,1,689399,0
0,1,506176,0
0,1,751570,0
0,1,724704,0
0,1,451055,0
0,1,410255,0
0,1,485432,0
0,1,377738,0
0,1,439339,0
0,1,422385,0
0,1,747116,0
0,1,535185,0
0,1,731233,0
0,3,295915,0
0,1,559059,0
0,1,456316,0
0,1,445586,0
0,1,360172,0
0,1,725108,0
0,1,734351,0
0,1,585970,0
0,1,433208,0
0,1,701159,0
1,0,665041,100
0,1,755774,0
0,1,715623,0
0,1,716955,0
0,1,537212,0
0,1,673591,0
0,1,411957,0
0,1,623098,0
0,1,623173,0
0,1,623091,0
0,2,541361,0
0,1,756271,0
0,1,622713,0
0,1,622797,0
0,1,622598,0
0,1,729914,0
0,1,622533,0
0,1,641966,0
0,1,641956,0
0,1,641737,0
0,1,641765,0
0,1,622612,0
0,2,641726,0
0,1,641661,0
0,1,641407,0
0,1,641615,0
0,1,641215,0
0,1,641217,0
0,1,587416,0
0,1,753883,0
0,1,753726,0
0,1,641208,0
0,1,640994,0
0,1,641183,0
0,1,641134,0
0,1,640969,0
0,1,640850,0
0,1,749528,0
0,1,640801,0
0,3,754998,0
0,1,640752,0
0,1,757281,0
0,1,476649,0
0,1,479382,0
0,1,480405,0
0,2,480791,0
0,1,426931,0
0,2,499991,0
0,1,439024,0
0,1,437537,0
0,1,748121,0
0,1,751682,0
0,1,618155,0
0,1,733965,0
0,1,500106,0
0,1,560930,0
0,1,713718,0
0,2,590293,0
0,2,745834,0
0,2,367954,0
0,1,616432,0
0,2,377104,0
0,2,392948,0
0,1,616251,0
0,1,616187,0
0,1,616150,0
0,1,616140,0
0,1,616136,0
0,1,616090,0
0,1,615917,0
0,1,615893,0
0,1,615812,0
0,1,615766,0
0,1,615572,0
0,1,615527,0
0,1,615496,0
0,1,615493,0
0,1,615427,0
0,1,615398,0
0,1,615264,0
0,1,615375,0
0,1,615041,0
0,1,615026,0
0,1,614815,0
0,1,614747,0
0,1,614629,0
0,1,614921,0
0,1,614434,0
0,1,614493,0
0,1,614425,0
0,1,614408,0
0,1,614401,0
0,1,614272,0
0,1,614381,0
0,1,614188,0
0,1,614185,0
0,1,614125,0
0,1,614050,0
0,1,613944,0
0,1,613998,0
0,1,613871,0
0,1,613853,0
0,1,613804,0
0,1,613799,0
0,1,613689,0
0,1,613633,0
0,1,613463,0
0,1,613224,0
0,1,613449,0
0,1,613120,0
0,1,612880,0
0,1,612769,0
0,1,612873,0
0,1,612759,0
0,1,612609,0
0,1,612597,0
0,1,612587,0
0,1,612489,0
0,1,712757,0
0,1,501813,0
0,1,548583,0
0,3,696135,0
0,1,612502,0
0,3,608192,0
0,3,719591,0
0,3,716035,0
0,3,629197,0
1,3,689210,33.33333333333333
0,3,695837,0
0,3,687925,0
0,3,671719,0
0,3,639834,0
0,3,655290,0
0,3,735734,0
0,3,715033,0
0,3,686293,0
0,3,597142,0
0,3,713092,0
0,3,585712,0
0,3,570545,0
0,3,568396,0
0,2,734109,0
0,2,626048,0
1,0,769856,100
0,2,717708,0
0,2,666201,0
0,2,617783,0
0,2,734405,0
0,1,765422,0
0,1,757764,0
0,2,752429,0
0,1,746930,0
0,2,768169,0
0,1,769114,0
0,2,752126,0
0,1,752028,0
0,1,767192,0
0,1,766504,0
0,2,767871,0
0,1,767767,0
0,1,767559,0
0,1,767278,0
0,2,767256,0
0,1,766827,0
0,1,767775,0
0,1,764379,0
0,1,753247,0
0,1,752162,0
0,1,770192,0
0,1,767406,0
0,1,768875,0
0,1,751690,0
0,1,748630,0
0,1,755916,0
0,1,755432,0
0,1,767284,0
0,2,771252,0
0,1,765886,0
0,2,768527,0
0,1,767386,0
0,1,770389,0
0,1,762085,0
0,1,768611,0
0,1,769172,0
0,1,767416,0
0,1,767989,0
0,1,765614,0
0,1,768584,0
0,1,767274,0
0,1,768608,0
0,1,467592,0
0,1,470846,0
0,1,472240,0
0,1,402291,0
0,1,473044,0
0,1,402572,0
0,1,408651,0
0,1,404801,0
0,1,417255,0
0,1,337678,0
0,1,343865,0
0,2,355208,0
0,4,357813,0
0,1,370834,0
0,1,376104,0
0,1,387312,0
0,4,380805,0
0,1,687297,0
0,1,641123,0
0,2,631330,0
0,1,684709,0
0,1,392147,0
0,1,630129,0
0,1,619519,0
0,1,664225,0
0,1,654181,0
0,2,529022,0
0,1,514068,0
0,1,727817,0
0,1,711681,0
0,1,738300,0
0,2,728602,0
0,1,575909,0
0,1,585307,0
0,1,582032,0
0,1,602746,0
0,1,585156,0
0,2,601704,0
0,1,601643,0
0,3,552154,0
0,2,552206,0
0,3,550780,0
0,2,550124,0
0,2,548326,0
0,3,547132,0
0,3,548302,0
0,1,739464,0
0,1,527040,0
1,0,366345,100
0,1,640449,0
0,1,704857,0
0,1,705599,0
0,1,705251,0
0,1,507059,0
0,1,359914,0
0,1,618544,0
0,1,612297,0
0,1,612449,0
0,1,612247,0
0,1,612071,0
0,1,612128,0
0,1,612141,0
0,1,612093,0
0,2,648117,0
0,1,648025,0
0,1,648018,0
0,1,647800,0
0,1,647771,0
0,1,647719,0
0,1,647595,0
0,1,647679,0
0,1,647439,0
0,1,647424,0
0,1,647371,0
0,1,647368,0
0,1,647255,0
0,1,647309,0
0,1,647124,0
0,1,646801,0
0,2,646824,0
0,1,646713,0
0,2,646833,0
0,1,646705,0
0,1,646698,0
0,1,646689,0
0,1,646682,0
0,1,646606,0
0,1,646603,0
0,1,646566,0
0,1,646531,0
0,1,646088,0
0,1,646407,0
0,1,645942,0
0,1,645922,0
0,1,645776,0
0,1,645754,0
0,1,645784,0
0,1,645893,0
0,1,645653,0
0,1,645513,0
0,1,645445,0
0,1,645436,0
0,2,645229,0
0,1,645137,0
0,1,645066,0
0,1,644905,0
0,1,645184,0
0,1,644888,0
0,1,644629,0
0,1,768184,0
0,1,673133,0
0,1,678421,0
0,1,403842,0
0,1,665911,0
0,1,740354,0
0,1,768266,0
0,1,702143,0
0,1,701497,0
0,1,455941,0
0,1,406280,0
0,1,484089,0
0,1,768213,0
0,1,627005,0
0,1,673204,0
0,1,622860,0
0,1,587006,0
0,1,627007,0
0,1,654954,0
0,1,650907,0
0,1,640856,0
0,1,710786,0
0,3,642614,0
0,1,716485,0
0,1,672109,0
0,1,558067,0
0,1,517009,0
0,2,609011,0
0,1,392364,0
0,2,577251,0
0,1,490050,0
0,2,609394,0
0,1,657816,0
0,1,713256,0
0,1,653764,0
1,0,295613,100
0,1,228914,0
0,1,227161,0
0,1,215401,0
0,1,212888,0
0,1,226521,0
0,1,227967,0
0,1,227208,0
0,1,223093,0
0,1,216897,0
0,1,221713,0
0,1,221980,0
0,1,713945,0
0,1,222392,0
0,1,221738,0
0,1,750960,0
0,1,756730,0
0,1,737433,0
0,1,570045,0
0,1,710375,0
0,1,743205,0
0,1,736720,0
0,1,716144,0
0,1,616295,0
1,1,671615,100
0,1,666075,0
0,2,585772,0
0,2,583438,0
0,1,583792,0
0,2,581491,0
0,2,581693,0
0,2,581902,0
0,2,581005,0
0,2,583105,0
0,2,582376,0
0,2,575088,0
0,2,578861,0
0,2,581771,0
0,4,582624,0
0,2,583040,0
0,2,583087,0
0,3,580814,0
0,3,580599,0
0,2,582520,0
0,3,582452,0
0,3,578620,0
0,2,581556,0
0,2,581898,0
0,3,577797,0
0,2,579684,0
0,2,575375,0
0,8,576767,0
0,2,578965,0
0,3,577741,0
0,2,578223,0
0,2,579956,0
0,2,580150,0
0,3,579826,0
0,2,579107,0
0,2,577628,0
0,2,576087,0
0,2,573297,0
0,3,574940,0
0,2,575626,0
0,2,577842,0
0,3,576773,0
0,2,576491,0
0,2,573721,0
0,2,577607,0
0,3,577927,0
0,2,576942,0
0,2,577641,0
0,4,576360,0
0,2,575656,0
0,2,575500,0
0,6,574448,0
0,2,575868,0
0,2,575879,0
1,0,689655,100
0,1,219868,0
0,1,218434,0
0,1,217379,0
0,1,215680,0
0,1,217395,0
0,1,66626,0
0,1,215802,0
0,1,214959,0
0,1,213493,0
0,1,213026,0
0,1,214589,0
0,1,213953,0
0,1,211880,0
0,1,212683,0
0,1,211332,0
0,1,211886,0
0,1,211130,0
0,1,201864,0
0,1,210239,0
0,1,211195,0
0,1,210964,0
0,1,210445,0
0,1,209270,0
0,1,209716,0
0,1,209292,0
0,1,201115,0
0,1,208964,0
0,1,200873,0
0,1,201297,0
0,1,204410,0
0,1,205882,0
0,1,205914,0
0,1,201703,0
0,1,205166,0
0,1,205652,0
0,1,204262,0
0,1,203830,0
0,1,205440,0
0,1,202927,0
0,1,202960,0
0,1,203160,0
0,1,202169,0
0,1,202697,0
0,1,202004,0
0,1,202900,0
0,1,203182,0
0,1,644195,0
0,1,181393,0
0,1,644036,0
0,1,643995,0
0,1,643957,0
0,1,643896,0
0,1,643694,0
0,1,643833,0
0,1,643484,0
0,1,643145,0
0,1,642834,0
0,1,643478,0
0,1,642865,0
0,1,642790,0
0,1,642788,0
0,1,642583,0
0,1,642762,0
0,1,642570,0
0,1,642563,0
0,1,642478,0
0,1,642300,0
0,1,628620,0
0,1,642459,0
0,1,628509,0
0,1,628448,0
0,1,628381,0
0,1,628288,0
0,1,763051,0
0,1,628366,0
0,1,753029,0
0,1,766384,0
0,1,760704,0
0,1,766659,0
0,1,766853,0
0,1,766385,0
0,1,765312,0
0,1,765410,0
0,1,767963,0
0,1,766436,0
0,1,765918,0
0,1,756651,0
0,1,765881,0
0,1,762353,0
0,1,756139,0
0,1,754952,0
0,1,761821,0
0,1,760964,0
0,1,761730,0
0,1,753636,0
0,1,762199,0
0,1,752853,0
0,1,758528,0
0,1,759957,0
0,1,759582,0
0,1,247379,0
0,1,249291,0
0,1,755090,0
0,1,242639,0
0,1,752687,0
0,1,242408,0
0,1,241351,0
0,1,243016,0
0,1,242720,0
0,1,241561,0
0,1,238804,0
0,1,240702,0
0,1,763976,0
0,1,760602,0
0,1,765608,0
0,1,241636,0
0,1,239967,0
0,1,246772,0
0,1,243567,0
0,1,236565,0
0,1,243024,0
0,1,767018,0
0,1,766954,0
0,1,242119,0
0,1,756585,0
0,1,235402,0
0,1,747079,0
0,1,746705,0
0,1,747072,0
0,1,243031,0
0,1,242738,0
0,1,240113,0
0,1,235071,0
0,1,238773,0
0,1,242755,0
0,1,238663,0
0,1,241347,0
0,1,238274,0
0,1,237650,0
0,1,236122,0
0,1,766615,0
0,1,236190,0
0,1,237437,0
0,1,759322,0
0,1,236185,0
0,1,237005,0
0,1,237039,0
0,1,233972,0
0,1,767064,0
0,1,225195,0
0,1,758512,0
0,1,760486,0
0,1,759279,0
0,1,753448,0
0,1,766746,0
0,1,767021,0
0,1,766460,0
0,1,766452,0
0,1,746399,0
0,1,745939,0
0,1,745882,0
0,1,745873,0
0,1,767118,0
0,1,765033,0
0,1,762811,0
0,1,755113,0
0,1,761999,0
0,1,753114,0
1,0,764739,100
0,1,764427,0
1,0,767316,100
1,0,350539,100
0,2,232411,0
0,1,232839,0
0,1,231337,0
0,1,217578,0
0,1,218010,0
0,1,230018,0
0,1,218795,0
0,1,216909,0
0,1,221625,0
0,2,228912,0
0,1,212893,0
0,1,226207,0
0,1,227741,0
0,1,734747,0
0,1,483461,0
0,1,669876,0
0,1,608078,0
0,1,705067,0
0,1,678806,0
0,1,646605,0
0,1,589200,0
0,1,627158,0
0,1,600321,0
0,1,613954,0
0,1,604008,0
0,1,598102,0
0,1,683830,0
0,1,676432,0
0,1,611467,0
0,1,660030,0
0,1,687999,0
0,1,517573,0
0,1,735833,0
0,1,681377,0
0,1,619286,0
0,1,645733,0
0,1,652026,0
0,1,685192,0
0,1,722550,0
0,1,475525,0
0,1,577409,0
0,1,711887,0
0,1,572620,0
0,1,735479,0
0,1,518122,0
0,1,663691,0
0,1,683156,0
0,1,732837,0
0,1,745850,0
0,1,513753,0
0,1,709399,0
0,1,724693,0
0,1,679720,0
0,1,696255,0
0,1,497144,0
0,1,580175,0
0,1,735822,0
0,1,705782,0
0,1,579932,0
0,1,666461,0
0,1,611814,0
0,1,730718,0
0,2,123078,0
0,1,749786,0
0,3,598837,0
0,1,708730,0
0,2,520249,0
0,4,769030,0
0,2,574917,0
0,3,575071,0
0,1,573344,0
0,1,573788,0
0,1,573121,0
0,2,573313,0
0,1,571217,0
0,1,572665,0
0,1,572088,0
0,1,572671,0
0,3,572611,0
0,1,572588,0
0,1,571497,0
0,2,572018,0
0,1,572270,0
0,1,570697,0
0,3,571351,0
0,1,572162,0
0,1,568969,0
0,2,571652,0
0,2,569801,0
0,1,571435,0
0,1,571219,0
0,1,567043,0
0,2,566761,0
0,1,571228,0
0,1,554869,0
0,1,570162,0
0,1,569207,0
0,1,568827,0
0,2,569905,0
0,1,568576,0
0,1,570698,0
0,1,569860,0
1,6,569368,16.666666666666664
0,1,566442,0
0,1,569308,0
0,1,569208,0
0,1,570211,0
0,1,567013,0
0,1,566698,0
0,1,566490,0
0,1,567375,0
0,1,566184,0
0,2,568904,0
0,1,567400,0
0,1,567354,0
1,0,767933,100
0,1,719736,0
1,1,758224,100
0,1,568677,0
0,1,571189,0
0,1,613727,0
0,1,723004,0
0,1,659935,0
0,1,766349,0
0,1,548421,0
0,1,643826,0
0,1,654782,0
0,1,667348,0
0,1,624282,0
0,1,656115,0
0,1,599493,0
0,1,657855,0
0,1,467139,0
0,1,573537,0
0,1,603005,0
0,1,737466,0
0,1,757249,0
0,1,654338,0
0,1,758089,0
0,1,750100,0
0,1,686281,0
0,1,762262,0
0,1,583116,0
0,1,694399,0
0,1,765287,0
0,1,641340,0
0,1,760681,0
0,1,613039,0
0,1,718497,0
0,1,611980,0
0,1,748312,0
0,1,693363,0
0,1,426494,0
0,1,748560,0
0,1,665276,0
0,1,743539,0
0,1,430403,0
0,1,737247,0
0,1,601972,0
0,1,742896,0
0,1,651849,0
0,1,760116,0
0,1,723977,0
0,1,569764,0
0,1,748764,0
0,1,645341,0
0,1,610836,0
0,1,599705,0
0,1,720747,0
0,1,754377,0
0,1,747119,0
0,1,726935,0
0,1,734811,0
0,1,681382,0
0,1,768036,0
0,1,767557,0
0,1,740471,0
0,1,445812,0
1,1,695311,100
1,0,717181,100
0,1,640161,0
0,1,640537,0
0,1,639935,0
0,1,639857,0
0,1,639716,0
0,1,639705,0
0,1,639366,0
0,1,635141,0
0,1,631843,0
0,1,631128,0
0,1,631073,0
0,1,630995,0
0,1,630784,0
0,1,630513,0
0,1,631000,0
0,2,630474,0
0,1,630277,0
0,1,630292,0
0,1,630059,0
0,1,630065,0
0,1,629802,0
0,1,629613,0
0,1,629711,0
0,1,629607,0
0,1,629323,0
0,1,629604,0
0,1,629182,0
0,1,629273,0
0,1,629113,0
0,1,628939,0
0,1,628919,0
0,1,628735,0
0,1,628786,0
0,1,628862,0
0,1,628690,0
0,1,622424,0
0,1,622297,0
0,1,622096,0
0,1,621896,0
0,1,621681,0
0,1,621661,0
0,1,621644,0
0,1,622024,0
0,1,621544,0
0,1,621523,0
0,1,621437,0
0,1,621189,0
0,1,621365,0
0,1,621075,0
0,1,620992,0
0,1,621007,0
0,1,575457,0
1,1,742478,100
0,1,582351,0
1,0,769677,100
0,1,581548,0
0,1,581345,0
0,1,580904,0
0,1,491788,0
0,1,488660,0
0,1,506138,0
0,1,502671,0
0,1,485128,0
0,1,536263,0
0,1,534542,0
0,1,477169,0
0,1,533351,0
0,1,533326,0
0,1,520471,0
0,1,538854,0
0,1,259304,0
0,1,546163,0
0,1,241599,0
0,1,744147,0
0,1,541623,0
0,1,754040,0
0,1,753869,0
0,1,753233,0
0,1,653040,0
0,1,625139,0
0,1,719383,0
0,2,611472,0
0,1,736929,0
0,2,611986,0
1,0,770153,100
0,1,558523,0
1,0,384153,100
0,2,754328,0
0,1,708951,0
0,2,765662,0
0,2,632113,0
0,2,754424,0
0,2,764649,0
0,2,758482,0
0,4,315082,0
0,2,593275,0
0,2,689415,0
0,1,600981,0
0,7,737981,0
0,1,615393,0
0,1,597030,0
0,1,616501,0
0,1,510849,0
0,1,509167,0
0,1,488202,0
0,1,497664,0
0,1,505623,0
0,1,528726,0
0,1,540662,0
0,1,528638,0
0,1,527290,0
0,1,44512,0
0,1,532881,0
0,1,449556,0
0,1,295023,0
0,1,520829,0
0,1,433338,0
0,1,369312,0
0,1,431730,0
0,1,438344,0
0,1,406484,0
0,1,406368,0
0,1,425367,0
0,1,430785,0
0,1,406490,0
0,1,714351,0
0,1,750290,0
0,1,747003,0
0,1,647007,0
0,1,752150,0
0,1,723923,0
0,1,696904,0
0,1,748484,0
0,1,694817,0
0,1,757330,0
0,1,721222,0
0,1,663309,0
0,1,754674,0
0,1,740764,0
0,7,662502,0
1,3,767515,33.33333333333333
0,3,518148,0
0,2,583742,0
0,3,368475,0
0,2,583558,0
0,2,583207,0
0,2,582659,0
0,2,583073,0
1,0,686174,100
0,2,516887,0
0,2,424035,0
0,1,437555,0
0,2,439549,0
0,1,437430,0
0,1,437189,0
0,1,435668,0
0,1,435871,0
0,1,435543,0
0,1,435486,0
0,1,435293,0
0,1,725047,0
0,1,475658,0
0,1,694298,0
0,1,663598,0
0,3,684222,0
0,1,586449,0
0,1,577143,0
0,1,655629,0
0,1,726547,0
0,1,628401,0
0,1,673919,0
0,3,707480,0
0,1,675961,0
0,1,584576,0
0,1,706043,0
0,1,677877,0
0,1,733740,0
0,1,702978,0
0,1,737739,0
0,1,746996,0
0,1,680965,0
0,1,746977,0
0,1,763952,0
0,1,660221,0
0,1,726904,0
0,1,763088,0
0,1,728592,0
0,1,724006,0
1,0,734340,100
0,1,681411,0
0,1,550002,0
1,0,699587,100
0,1,549998,0
0,1,549953,0
0,1,549942,0
0,1,549695,0
0,1,549453,0
0,1,549964,0
0,1,548727,0
0,1,548620,0
0,1,548533,0
0,1,547864,0
0,1,547295,0
0,1,547808,0
0,1,547495,0
0,1,547290,0
0,1,547272,0
0,1,547142,0
0,1,546446,0
0,1,546937,0
0,1,598502,0
0,1,534271,0
0,1,685327,0
0,1,660274,0
0,1,568020,0
0,1,743735,0
0,1,734542,0
0,1,735987,0
0,1,682040,0
0,1,635995,0
0,4,710941,0
0,1,666560,0
0,1,690642,0
1,0,628002,100
0,2,580149,0
0,2,580030,0
0,2,594914,0
0,2,594884,0
0,2,594783,0
0,2,594796,0
0,2,594769,0
0,2,594745,0
0,2,594496,0
0,2,594489,0
0,1,613669,0
0,1,617305,0
0,4,611085,0
0,4,604168,0
0,1,605745,0
0,1,603877,0
0,1,769049,0
0,1,769651,0
0,1,719819,0
0,1,742403,0
0,1,718898,0
0,1,723755,0
0,1,706723,0
0,1,709846,0
0,1,433871,0
0,1,708487,0
0,1,433681,0
0,1,433387,0
0,1,432691,0
0,1,431960,0
0,1,430959,0
0,1,430935,0
0,1,408034,0
0,1,403122,0
0,2,405065,0
0,1,642315,0
0,1,671208,0
0,1,753472,0
0,1,692692,0
0,1,579348,0
0,1,576774,0
0,1,594428,0
0,1,593538,0
0,1,593278,0
0,1,575923,0
0,1,592300,0
0,1,582097,0
0,1,591650,0
0,1,548325,0
0,1,546721,0
0,1,466354,0
0,1,729709,0
0,1,709118,0
0,1,508656,0
0,1,606909,0
0,1,675127,0
0,1,723451,0
0,1,261874,0
0,1,706211,0
0,1,755295,0
0,1,612286,0
0,2,622781,0
0,1,622581,0
0,1,620472,0
0,3,620113,0
0,1,619899,0
0,1,612604,0
0,2,619724,0
0,1,613277,0
0,1,620463,0
0,1,622048,0
0,1,620399,0
0,1,618836,0
0,2,619682,0
0,1,618991,0
0,1,609274,0
0,1,611931,0
0,1,573239,0
0,1,568348,0
0,1,615942,0
0,1,564322,0
0,1,525902,0
0,1,585950,0
0,1,522629,0
0,1,537060,0
0,1,523993,0
0,1,543836,0
0,1,536359,0
0,1,506954,0
0,1,505057,0
0,1,519054,0
0,1,504007,0
0,1,511202,0
0,1,516748,0
0,1,711036,0
0,1,496278,0
0,1,729990,0
0,1,599865,0
0,1,600556,0
0,1,645716,0
0,1,644169,0
0,1,646900,0
0,1,641133,0
0,1,631112,0
0,1,640104,0
0,1,621717,0
0,1,618447,0
1,0,690525,100
0,1,614654,0
0,1,616203,0
0,1,397180,0
0,1,396950,0
0,2,397461,0
0,1,311366,0
0,1,400274,0
0,1,397855,0
0,1,408861,0
0,1,290285,0
0,1,256469,0
0,1,374415,0
0,1,315962,0
0,1,329764,0
0,1,236370,0
0,2,583103,0
0,2,710213,0
0,2,696080,0
0,2,676964,0
0,2,686809,0
0,2,672119,0
0,2,622812,0
0,2,610961,0
0,2,609324,0
0,2,607115,0
0,2,652346,0
0,2,647516,0
0,2,531378,0
0,2,600988,0
0,2,596893,0
0,2,554796,0
0,2,754202,0
0,2,704701,0
0,2,640492,0
0,2,537335,0
0,3,536489,0
0,2,532837,0
0,2,653979,0
0,2,672233,0
0,2,582534,0
0,2,582476,0
0,2,582228,0
0,2,581989,0
0,2,581988,0
0,2,581889,0
0,2,581817,0
0,2,581672,0
0,2,581621,0
0,2,581600,0
0,3,581502,0
0,2,581355,0
0,2,581307,0
0,2,581175,0
0,2,581121,0
0,2,581044,0
0,2,580827,0
0,2,580546,0
0,2,580430,0
0,1,258205,0
0,3,303542,0
0,3,627528,0
0,3,625545,0
0,3,732975,0
0,3,531210,0
0,3,743858,0
0,3,533028,0
0,2,615647,0
0,1,617292,0
0,2,582036,0
0,1,518610,0
1,2,294988,50
0,3,250685,0
0,1,553755,0
0,1,553721,0
0,1,553528,0
0,1,553521,0
0,1,553174,0
0,1,552221,0
0,1,552155,0
0,1,552127,0
0,1,552078,0
0,1,552059,0
0,1,551856,0
0,1,551678,0
0,1,551448,0
0,2,551268,0
0,1,551120,0
0,1,551116,0
0,1,550882,0
0,1,550860,0
0,2,550715,0
0,1,550682,0
0,1,550530,0
0,2,552710,0
0,2,546817,0
0,2,693575,0
0,3,672291,0
0,3,727785,0
0,3,719071,0
0,3,728429,0
0,3,547900,0
0,3,678127,0
0,3,538273,0
0,3,543138,0
0,3,678102,0
0,3,719306,0
0,3,721824,0
2,1,625175,200
0,1,524446,0
0,1,508521,0
0,1,714357,0
0,1,735144,0
0,1,694262,0
0,1,579097,0
0,1,589333,0
0,1,679408,0
0,1,606003,0
0,1,745549,0
0,1,722054,0
0,1,677494,0
0,1,575061,0
0,1,392756,0
0,1,714335,0
0,2,594032,0
0,2,594007,0
0,2,593654,0
0,2,593549,0
0,2,593517,0
0,3,593494,0
0,4,593436,0
0,3,593418,0
0,2,593251,0
0,2,593129,0
0,3,592869,0
0,2,592647,0
0,2,592533,0
0,3,730500,0
0,3,564865,0
0,3,601831,0
0,3,596958,0
0,3,547081,0
0,3,597862,0
0,3,584442,0
0,3,589669,0
0,3,584971,0
0,3,585316,0
0,3,582033,0
0,3,565678,0
0,3,542496,0
0,3,539326,0
1,5,531345,20
0,3,530621,0
0,1,638733,0
0,1,481766,0
0,1,724261,0
0,4,758321,0
0,2,752762,0
0,2,748060,0
0,2,748204,0
0,1,745527,0
0,2,742887,0
0,2,733298,0
0,2,732606,0
0,1,702176,0
0,1,396779,0
0,1,395838,0
0,1,393877,0
0,2,393402,0
0,1,391163,0
0,1,392312,0
0,2,389395,0
0,1,389555,0
0,1,389383,0
0,1,389068,0
0,2,388615,0
0,1,387682,0
0,1,387454,0
0,1,386974,0
0,1,386598,0
0,1,384155,0
0,1,383361,0
0,3,383045,0
0,1,382077,0
0,2,381488,0
0,1,379053,0
0,1,376028,0
0,1,366497,0
0,1,365658,0
0,1,364503,0
0,1,360139,0
0,1,588279,0
0,1,588244,0
0,1,588243,0
0,1,588221,0
0,1,588170,0
0,1,587703,0
0,1,587624,0
0,1,587553,0
0,3,587543,0
0,1,587363,0
0,1,587193,0
0,1,587137,0
0,1,586991,0
0,3,586816,0
0,1,586737,0
0,1,586676,0
0,1,586668,0
0,1,586624,0
0,2,586618,0
0,1,586506,0
0,1,586461,0
0,1,586379,0
0,1,713511,0
0,1,743621,0
0,1,746620,0
0,1,645314,0
0,1,645977,0
0,1,698947,0
0,1,696268,0
0,1,717028,0
0,3,716176,0
0,3,711313,0
0,2,669015,0
0,2,696269,0
0,3,692905,0
0,2,691915,0
0,2,726678,0
0,1,682884,0
0,1,670206,0
0,3,664590,0
0,5,631305,0
0,1,588198,0
0,2,606961,0
0,1,563852,0
0,2,562227,0
0,2,549154,0
0,2,548625,0
0,1,548603,0
0,2,488352,0
0,3,433136,0
0,2,424859,0
0,4,399928,0
0,2,350148,0
1,0,764942,100
0,1,562108,0
0,1,562056,0
0,1,562041,0
0,1,590478,0
0,1,590127,0
0,1,589955,0
0,1,589946,0
0,1,589835,0
0,1,589715,0
0,1,589648,0
0,1,589631,0
0,1,588990,0
0,1,588983,0
0,1,752311,0
0,1,719455,0
0,1,728632,0
0,4,696980,0
0,1,753096,0
0,1,676446,0
0,1,716476,0
0,1,681884,0
0,1,519509,0
0,1,730857,0
0,1,395217,0
0,1,395029,0
0,1,404816,0
1,0,691622,100
0,1,545832,0
0,1,545484,0
0,1,568248,0
0,2,568168,0
0,1,567777,0
0,3,567558,0
0,1,699581,0
0,1,691930,0
0,1,691916,0
0,1,687844,0
0,1,686972,0
0,1,683893,0
0,1,674485,0
0,1,641740,0
0,1,589074,0
0,1,618177,0
0,1,547164,0
0,1,588762,0
0,1,575276,0
0,1,574108,0
0,1,574078,0
0,1,547011,0
0,1,519030,0
0,1,488288,0
0,1,432839,0
0,1,418995,0
0,1,390877,0
0,1,383047,0
0,1,378084,0
0,1,155947,0
1,1,747022,100
0,1,563511,0
0,1,563505,0
0,1,563235,0
0,3,562485,0
0,1,562299,0
0,1,562134,0
0,3,735030,0
0,1,316126,0
0,1,754431,0
0,1,743384,0
0,1,677653,0
0,1,722424,0
0,1,722250,0
0,1,722195,0
0,1,722034,0
0,1,721890,0
0,1,721864,0
0,1,721758,0
0,1,721710,0
0,1,721707,0
0,1,721559,0
0,1,721535,0
0,1,721413,0
0,1,721236,0
0,1,721194,0
0,1,728569,0
0,1,728566,0
0,1,728355,0
0,1,728212,0
0,1,728206,0
0,2,427289,0
0,2,498160,0
0,2,465087,0
0,2,452634,0
0,2,427460,0
0,2,424635,0
0,2,428017,0
0,2,424646,0
0,2,412081,0
0,2,383435,0
0,2,250114,0
0,2,201770,0
0,1,588657,0
0,3,588631,0
0,1,588600,0
0,1,588546,0
0,1,694460,0
0,1,593119,0
0,1,398791,0
0,1,445198,0
0,1,685786,0
0,1,687853,0
0,1,588278,0
0,1,698650,0
0,1,758980,0
0,1,717947,0
0,1,429576,0
0,1,715319,0
0,1,715666,0
0,1,412883,0
0,1,715481,0
0,1,713117,0
0,1,733462,0
0,1,755936,0
0,1,737107,0
0,1,727915,0
0,1,719116,0
0,1,735591,0
0,1,728772,0
0,2,685734,0
0,1,404136,0
0,1,736868,0
0,1,691706,0
0,1,550484,0
0,1,241211,0
0,1,367703,0
0,1,640572,0
0,1,758469,0
0,1,764017,0
0,1,751383,0
0,1,751177,0
0,1,744845,0
0,1,747338,0
0,1,762673,0
0,2,673033,0
0,2,694553,0
0,3,751046,0
0,1,370306,0
0,1,367576,0
1,0,749315,100
0,1,762010,0
0,1,756209,0
0,1,764565,0
0,1,761339,0
0,1,670894,0
0,1,745156,0
0,1,745096,0
0,1,762357,0
0,1,751458,0
0,1,751314,0
0,1,764702,0
0,1,762528,0
0,1,764874,0
0,1,750977,0
0,1,750615,0
0,1,750591,0
0,1,763607,0
0,1,762043,0
0,1,762744,0
0,1,748599,0
0,1,763014,0
0,1,763201,0
0,1,758073,0
0,1,745361,0
0,1,745330,0
0,1,747737,0
0,1,746678,0
0,1,744149,0
0,1,743152,0
0,1,746851,0
0,1,733676,0
0,1,761838,0
0,1,761624,0
0,1,745064,0
0,1,762656,0
0,6,761698,0
1,0,689454,100
0,1,586278,0
0,1,586132,0
0,3,586129,0
0,1,586010,0
0,1,585854,0
0,1,585781,0
0,3,585528,0
0,2,585480,0
0,2,585476,0
0,1,585223,0
0,1,585160,0
0,1,706573,0
0,1,706321,0
0,1,724583,0
0,1,724397,0
0,1,724246,0
0,1,724244,0
0,1,724022,0
0,1,723705,0
0,1,723637,0
0,1,723628,0
0,1,723498,0
0,1,723487,0
0,1,723364,0
0,1,723354,0
0,1,723327,0
0,1,723303,0
0,1,723219,0
0,1,723144,0
0,1,723106,0
0,1,723002,0
0,1,722946,0
0,1,722943,0
0,1,722896,0
0,1,722808,0
0,1,722631,0
0,1,722577,0
0,1,458529,0
0,1,458504,0
0,1,455882,0
0,1,453151,0
0,1,450625,0
0,1,416572,0
0,2,416570,0
0,1,415426,0
0,2,411767,0
0,1,411521,0
1,1,592211,100
0,1,592053,0
0,1,591813,0
0,1,591658,0
0,2,591371,0
0,1,590976,0
0,1,733348,0
0,1,682835,0
0,1,393200,0
0,2,614295,0
1,0,498859,100
0,1,697592,0
0,2,700859,0
0,1,720549,0
0,1,393517,0
0,1,689677,0
0,1,485114,0
0,1,658282,0
0,1,556405,0
0,2,610150,0
0,1,631023,0
0,1,639877,0
1,0,724339,100
1,0,745925,100
0,1,556293,0
0,1,556236,0
1,0,676246,100
0,1,480000,0
0,1,480028,0
0,1,461195,0
0,1,461989,0
0,1,469490,0
0,1,452293,0
0,1,452441,0
0,2,752750,0
0,2,649850,0
0,2,325040,0
0,2,566294,0
0,1,436953,0
0,1,441490,0
0,1,463624,0
0,1,476638,0
0,1,429275,0
0,1,477277,0
0,1,436779,0
0,1,428854,0
0,1,435416,0
0,1,438529,0
0,1,459018,0
0,1,431993,0
0,1,461366,0
0,1,446024,0
0,1,442027,0
0,1,425678,0
0,1,473831,0
0,1,471797,0
0,1,437238,0
0,1,462000,0
0,1,473145,0
0,1,437605,0
0,1,429336,0
0,1,434103,0
0,1,445096,0
0,1,476255,0
0,1,449933,0
0,1,425074,0
0,1,588467,0
0,1,620823,0
0,1,618641,0
0,1,609787,0
0,1,612764,0
0,1,701079,0
0,2,661367,0
0,1,539848,0
0,1,744615,0
0,1,722122,0
0,1,731648,0
0,1,746597,0
0,1,761165,0
0,1,751391,0
0,1,134187,0
0,1,124762,0
0,1,129933,0
0,1,122838,0
0,1,124495,0
0,1,122363,0
0,1,120690,0
0,1,118784,0
0,1,108660,0
0,2,723833,0
0,2,610988,0
0,1,655456,0
0,1,753370,0
0,1,691635,0
0,1,658683,0
0,1,723201,0
0,1,738327,0
0,1,648444,0
0,1,667128,0
0,1,381602,0
0,1,702916,0
0,1,416166,0
0,1,556284,0
0,1,493483,0
0,1,656847,0
0,1,424098,0
0,1,559604,0
0,1,48955,0
0,1,418076,0
0,1,406583,0
0,1,411435,0
0,1,414174,0
0,1,396757,0
0,1,542201,0
0,1,555075,0
0,1,479602,0
0,1,338710,0
0,1,562947,0
0,1,552126,0
0,1,553280,0
0,1,555412,0
0,1,560467,0
0,1,561276,0
0,1,546060,0
0,1,558874,0
0,1,550093,0
0,1,566056,0
0,1,574913,0
0,1,570568,0
0,1,545813,0
0,1,565576,0
0,1,572508,0
0,1,555279,0
0,1,564179,0
0,1,464987,0
0,1,401694,0
1,0,734129,100
0,1,681041,0
0,1,679948,0
0,1,672287,0
0,1,672235,0
0,1,670588,0
0,1,668307,0
0,1,696456,0
0,1,677525,0
0,1,687896,0
0,1,682915,0
0,1,616974,0
0,1,612775,0
0,1,652461,0
0,1,652316,0
0,1,652306,0
0,1,645216,0
0,1,630737,0
0,1,654012,0
0,1,520428,0
0,1,730261,0
0,1,712706,0
0,1,676750,0
0,2,580630,0
0,1,445315,0
0,1,489912,0
0,1,594045,0
0,1,693561,0
0,1,692104,0
0,1,115877,0
0,1,116465,0
0,1,117102,0
0,1,116132,0
0,1,112670,0
0,1,115494,0
0,1,115789,0
0,1,115792,0
0,1,104851,0
0,1,107524,0
0,1,108752,0
0,1,114730,0
0,1,98671,0
0,1,98668,0
0,1,105453,0
0,1,111037,0
0,1,98673,0
0,1,104465,0
0,1,104731,0
0,1,104889,0
0,1,105172,0
0,1,102311,0
0,1,98835,0
0,1,95961,0
0,1,88841,0
0,1,88815,0
0,1,88867,0
0,1,74707,0
0,1,76505,0
0,1,80534,0
0,1,81188,0
0,1,85501,0
0,1,725760,0
0,1,588827,0
0,1,671423,0
0,1,603949,0
0,2,657261,0
0,1,642284,0
0,1,509244,0
0,1,578034,0
0,1,726781,0
0,1,433620,0
0,1,730877,0
0,1,589407,0
0,1,693906,0
0,2,706130,0
0,1,574166,0
0,1,683548,0
0,1,342122,0
0,1,686780,0
0,2,685911,0
0,1,397941,0
0,1,706921,0
0,1,744698,0
0,1,746874,0
0,1,607847,0
0,1,469887,0
0,1,739863,0
0,1,729987,0
0,1,732483,0
0,1,390705,0
0,1,726117,0
0,1,722022,0
0,1,381530,0
0,1,723191,0
0,1,481968,0
0,1,476128,0
0,1,476510,0
0,1,726445,0
0,1,443736,0
0,1,739892,0
0,1,421580,0
0,1,674465,0
0,1,474301,0
0,1,471205,0
0,1,759006,0
0,1,348679,0
0,1,724634,0
0,1,684707,0
0,4,767675,0
0,4,767792,0
0,4,767356,0
0,6,768461,0
0,4,766683,0
0,2,766000,0
0,5,747042,0
0,5,768552,0
0,5,764512,0
0,5,767486,0
0,5,766842,0
0,6,766210,0
0,2,765766,0
0,2,758069,0
0,2,756848,0
0,2,765842,0
0,6,765752,0
0,3,764643,0
0,4,765905,0
0,7,765770,0
0,4,760039,0
0,6,763348,0
0,4,764973,0
0,4,755325,0
0,7,763822,0
0,2,752102,0
0,7,764141,0
0,6,763990,0
0,6,765868,0
0,4,759085,0
0,1,622050,0
0,2,618988,0
0,1,617166,0
0,1,622517,0
0,1,737752,0
0,1,747010,0
0,1,628325,0
0,1,631154,0
0,1,725225,0
0,1,732120,0
0,1,660062,0
0,1,652505,0
0,1,743750,0
0,1,629242,0
0,1,624312,0
0,1,696813,0
0,1,666174,0
0,1,692599,0
0,1,736099,0
0,1,622744,0
0,1,741136,0
0,1,758831,0
0,1,693391,0
0,1,681230,0
0,1,680667,0
0,1,678572,0
0,1,673877,0
0,1,690257,0
0,1,686994,0
0,1,666663,0
0,1,622730,0
0,1,630915,0
0,1,740774,0
0,1,709687,0
0,1,753825,0
0,1,640471,0
0,1,759835,0
0,1,581886,0
0,1,615075,0
0,1,611958,0
0,1,584844,0
0,1,618398,0
0,1,598859,0
0,1,618443,0
0,1,601659,0
0,1,597452,0
0,1,588141,0
0,1,618379,0
0,1,578689,0
0,1,589968,0
0,1,507897,0
0,2,576122,0
0,2,576052,0
0,2,576010,0
0,2,575987,0
0,2,575869,0
0,2,575841,0
0,2,575667,0
0,2,575633,0
0,2,575565,0
0,2,575531,0
0,2,575255,0
0,2,575251,0
0,2,763606,0
0,2,763598,0
0,2,763591,0
0,2,761551,0
0,5,765693,0
0,7,765296,0
0,3,764945,0
0,5,762929,0
0,5,765020,0
0,6,764536,0
0,1,719878,0
0,1,410560,0
0,1,601630,0
0,1,535627,0
0,1,580333,0
0,1,580734,0
0,1,581458,0
0,1,583210,0
0,1,570886,0
0,1,576221,0
0,1,556022,0
1,1,557653,100
0,1,555020,0
0,1,541961,0
1,1,726664,100
0,2,759202,0
0,2,766530,0
0,4,758739,0
0,2,575141,0
0,2,575073,0
0,3,575014,0
0,2,574872,0
0,2,574804,0
0,2,574794,0
0,2,574707,0
0,2,574659,0
0,2,574558,0
0,2,605899,0
0,2,605696,0
0,2,605545,0
0,2,605459,0
0,2,605395,0
0,2,605146,0
0,2,604773,0
0,2,604425,0
0,2,604404,0
0,2,604300,0
0,2,604192,0
0,2,604185,0
0,2,604155,0
0,2,604064,0
0,2,603832,0
0,2,603825,0
0,2,603752,0
0,2,603720,0
0,2,603693,0
0,2,603620,0
0,2,603534,0
0,2,603484,0
0,1,727560,0
0,1,659104,0
0,1,649097,0
0,1,714996,0
0,1,738590,0
0,1,742638,0
0,1,702705,0
0,1,704623,0
0,1,705053,0
0,1,705226,0
0,1,659490,0
0,1,673146,0
0,1,723942,0
0,1,715327,0
0,1,724468,0
0,1,714074,0
0,1,714678,0
0,1,654895,0
0,1,701722,0
0,1,700065,0
0,1,729551,0
0,1,697596,0
0,1,697884,0
0,1,677739,0
0,1,731219,0
0,1,690907,0
0,1,694600,0
0,1,732660,0
0,1,674632,0
0,1,754709,0
0,1,639489,0
0,1,726147,0
0,1,623768,0
0,1,643142,0
0,1,663290,0
0,1,741346,0
0,1,759456,0
0,1,760787,0
0,1,730281,0
0,1,714536,0
0,1,736159,0
0,1,746599,0
0,1,724882,0
0,1,743480,0
0,1,757570,0
0,1,747603,0
0,1,741832,0
0,1,731105,0
0,1,761271,0
0,1,755021,0
0,1,706401,0
0,1,747434,0
0,1,752246,0
0,1,754054,0
0,1,752665,0
0,1,744502,0
0,1,765574,0
0,1,743447,0
0,1,581322,0
0,1,580897,0
0,1,581133,0
0,1,580849,0
0,1,766859,0
0,1,768597,0
0,1,770076,0
0,1,769024,0
0,1,769965,0
0,1,769743,0
0,1,768675,0
0,1,767756,0
0,1,767906,0
0,1,767362,0
0,1,768784,0
0,1,768687,0
0,1,768779,0
0,1,767678,0
0,1,375122,0
0,1,571478,0
0,1,591668,0
0,1,714544,0
0,1,700557,0
0,1,400519,0
0,1,607204,0
0,1,534177,0
0,1,711269,0
0,1,711200,0
0,1,734068,0
0,1,717394,0
0,1,728427,0
0,1,704208,0
0,1,604136,0
0,1,562716,0
0,1,589644,0
0,1,588568,0
0,1,585808,0
0,1,445320,0
0,1,346881,0
0,1,336853,0
0,1,743928,0
0,1,560856,0
0,1,712021,0
0,1,732382,0
0,1,750927,0
0,1,699268,0
0,1,594626,0
0,1,744192,0
0,1,613536,0
0,1,740319,0
0,1,737292,0
0,1,720920,0
0,1,578287,0
0,1,575002,0
0,1,732260,0
0,1,740270,0
0,1,663948,0
0,1,677282,0
0,1,732314,0
0,1,677479,0
0,1,760585,0
0,3,681829,0
0,1,673354,0
0,3,672914,0
0,3,672834,0
0,1,672458,0
0,1,672231,0
0,1,672182,0
0,3,672173,0
0,3,672061,0
0,1,671820,0
0,1,671465,0
0,3,670296,0
0,3,669740,0
0,1,669619,0
0,3,667640,0
0,3,665159,0
0,3,665144,0
0,3,665136,0
0,1,663963,0
0,1,662210,0
0,3,661912,0
0,3,661704,0
0,1,661285,0
0,1,661240,0
0,1,660486,0
0,1,720651,0
0,1,720240,0
0,3,719911,0
0,3,719513,0
0,1,719194,0
0,3,718444,0
0,3,717534,0
0,1,580694,0
0,1,580593,0
0,1,580378,0
0,1,580289,0
0,1,580281,0
0,2,580237,0
0,1,580038,0
0,1,579983,0
0,1,595071,0
0,1,594944,0
0,1,594802,0
0,1,594760,0
0,1,594603,0
0,1,594322,0
0,1,594064,0
0,1,593999,0
0,1,671741,0
0,1,640370,0
0,1,751060,0
0,1,727133,0
0,1,589108,0
0,1,589138,0
0,1,721949,0
0,1,588805,0
0,1,740481,0
0,1,736572,0
0,1,680919,0
0,1,676577,0
0,1,763735,0
0,1,706317,0
0,1,744233,0
0,1,727943,0
0,1,727926,0
0,1,727870,0
0,1,727783,0
0,1,727736,0
0,1,727659,0
0,1,727623,0
0,1,727612,0
0,1,727609,0
0,1,727512,0
0,1,727489,0
0,1,727472,0
0,2,727387,0
0,2,727333,0
0,2,727319,0
0,2,727229,0
0,2,727073,0
0,2,727031,0
0,2,726897,0
0,2,726803,0
0,2,726739,0
0,2,726628,0
0,2,726449,0
0,2,726026,0
0,2,725927,0
0,2,725678,0
0,2,725655,0
0,2,725525,0
0,2,725340,0
0,2,725297,0
0,2,725260,0
0,2,724997,0
0,2,736154,0
0,2,736151,0
0,2,735967,0
0,2,735897,0
0,2,735867,0
0,2,735791,0
0,2,735775,0
0,2,735642,0
0,2,735584,0
0,2,735070,0
0,2,734854,0
0,1,686277,0
0,1,686012,0
0,1,685420,0
0,1,684314,0
0,3,683263,0
0,3,695943,0
0,3,695928,0
0,1,694261,0
0,1,694094,0
0,1,693464,0
0,1,692678,0
0,3,692101,0
0,3,691867,0
0,1,700982,0
0,3,700794,0
0,1,700381,0
0,1,700195,0
0,3,699047,0
0,1,697948,0
0,2,329760,0
0,2,650969,0
0,2,717221,0
0,2,654340,0
0,2,650256,0
0,2,629276,0
0,2,752346,0
0,2,751373,0
0,3,605439,0
0,2,630921,0
0,2,646217,0
0,2,738266,0
0,2,664889,0
0,2,549515,0
0,2,683396,0
0,2,742993,0
0,1,244006,0
0,1,381565,0
0,1,180910,0
0,2,752370,0
0,2,624292,0
1,0,715388,100
0,1,583743,0
0,1,583383,0
0,1,583169,0
0,1,583133,0
0,1,583072,0
0,1,583024,0
0,1,582849,0
0,1,582794,0
0,1,582697,0
0,1,582681,0
0,1,582621,0
0,1,582594,0
0,1,582589,0
0,1,582071,0
0,1,581982,0
0,1,581944,0
0,1,581874,0
0,1,581757,0
0,1,581704,0
0,1,581625,0
0,1,581562,0
1,0,758514,100
0,1,225929,0
0,1,301573,0
0,1,98317,0
0,1,102881,0
0,1,177584,0
0,1,297859,0
0,1,309924,0
0,1,209592,0
0,1,235470,0
0,1,221421,0
0,1,108644,0
0,1,413986,0
0,1,411017,0
0,1,384708,0
0,1,390099,0
0,1,367949,0
0,1,355214,0
0,1,385902,0
0,1,392209,0
0,1,383424,0
0,1,318867,0
0,1,515662,0
0,1,461194,0
0,1,189465,0
0,1,514927,0
0,1,413363,0
0,1,419432,0
0,1,318970,0
0,1,445639,0
0,1,377031,0
0,1,192651,0
0,1,489988,0
0,1,519988,0
0,1,432973,0
0,1,299344,0
0,1,469071,0
0,1,315030,0
0,1,379836,0
0,1,481867,0
0,1,478182,0
0,1,401076,0
0,1,670330,0
0,1,683447,0
0,1,713534,0
0,1,767873,0
1,1,722621,100
0,1,727547,0
1,1,733012,100
0,1,444298,0
0,1,529517,0
0,1,765806,0
0,1,607090,0
0,1,765384,0
0,1,587262,0
0,1,749981,0
0,1,747166,0
0,1,727940,0
0,1,676605,0
0,1,754096,0
0,1,721640,0
0,1,295508,0
0,1,727256,0
0,1,726123,0
0,1,764124,0
0,1,763229,0
0,1,761640,0
0,1,762479,0
0,1,748880,0
0,1,747403,0
0,1,751478,0
0,1,764730,0
0,1,744773,0
0,1,761615,0
0,1,764258,0
0,1,763436,0
0,1,762396,0
0,1,764266,0
0,1,763726,0
0,1,764386,0
0,1,764311,0
0,1,744228,0
0,1,762064,0
0,1,762526,0
0,1,756019,0
0,1,744817,0
0,1,744586,0
0,1,700112,0
0,1,759604,0
0,1,760764,0
0,1,760658,0
0,1,756369,0
0,1,762800,0
0,1,762155,0
0,1,735027,0
0,1,743975,0
0,1,745449,0
0,1,764525,0
0,1,732735,0
0,1,763534,0
0,1,765218,0
0,1,761577,0
0,1,764444,0
0,1,763754,0
0,1,741589,0
0,1,739305,0
0,1,739024,0
0,1,759188,0
0,1,748046,0
0,1,761985,0
0,1,764356,0
0,1,745303,0
0,1,744964,0
0,1,744790,0
0,1,742132,0
0,1,765138,0
0,2,613672,0
0,1,614854,0
0,1,615342,0
0,1,615078,0
0,1,614322,0
0,1,614321,0
0,1,614342,0
0,1,614297,0
0,1,611737,0
0,1,613746,0
0,1,614364,0
0,1,614300,0
0,1,612429,0
0,1,614146,0
0,1,611830,0
0,1,614179,0
0,1,614265,0
0,1,614061,0
0,1,614029,0
0,1,614045,0
0,1,609318,0
0,1,610396,0
0,1,612626,0
0,1,609139,0
0,1,612520,0
0,1,612463,0
0,1,611485,0
0,1,610887,0
0,1,609602,0
0,2,611865,0
0,2,610434,0
0,1,610654,0
0,1,610490,0
0,1,609095,0
0,1,609047,0
0,1,608794,0
0,1,608216,0
0,1,609114,0
0,1,606965,0
0,3,607898,0
0,1,608323,0
0,1,607927,0
0,1,606908,0
0,1,606449,0
0,1,606811,0
0,1,606809,0
0,2,606330,0
0,2,606461,0
1,0,715989,100
1,0,653079,100
1,0,335150,100
1,0,401734,100
1,2,650316,50
0,1,734570,0
0,1,734494,0
0,1,734074,0
0,1,734025,0
0,1,733811,0
0,1,733464,0
0,1,733386,0
0,1,733321,0
0,1,733272,0
0,1,752410,0
0,1,667952,0
0,2,683469,0
0,2,695730,0
0,2,696735,0
0,2,696505,0
0,2,678072,0
0,2,674838,0
0,2,674807,0
0,2,659755,0
0,2,659746,0
0,2,659522,0
0,2,656213,0
0,2,656167,0
0,2,680817,0
0,2,679813,0
0,2,679695,0
0,2,679006,0
0,2,678919,0
0,2,678809,0
0,2,567717,0
0,2,566828,0
0,2,566575,0
0,2,566548,0
0,2,565977,0
0,2,337574,0
0,2,332458,0
0,2,359789,0
0,2,308470,0
0,2,192173,0
0,2,327113,0
0,2,316098,0
0,2,587768,0
0,2,587202,0
0,2,585607,0
0,1,584400,0
0,1,765775,0
0,3,768025,0
0,1,758126,0
0,1,766444,0
0,6,767271,0
0,1,765235,0
0,5,761259,0
0,5,762320,0
1,0,734390,100
0,1,595163,0
0,1,595061,0
0,1,594725,0
0,1,594664,0
0,1,593652,0
0,1,593544,0
0,1,593210,0
0,1,592876,0
0,2,592871,0
0,1,592846,0
0,1,592758,0
0,1,551318,0
0,1,549276,0
0,1,711633,0
0,1,593982,0
0,1,593465,0
0,1,592259,0
0,1,590574,0
0,1,486579,0
0,1,471290,0
0,1,408669,0
0,4,762000,0
0,2,764845,0
0,2,765147,0
0,2,766195,0
0,4,766392,0
0,5,756640,0
0,2,764480,0
0,4,757822,0
0,1,742911,0
0,4,762976,0
0,4,761304,0
0,5,752882,0
0,1,526021,0
0,1,750969,0
0,1,552815,0
0,1,659519,0
0,1,540434,0
0,1,746038,0
0,1,753882,0
0,1,638443,0
0,1,497296,0
0,1,707497,0
0,1,571869,0
0,1,750348,0
0,1,745034,0
0,1,650408,0
0,1,500648,0
0,1,734061,0
0,1,454685,0
0,1,751717,0
0,1,761516,0
0,1,579830,0
0,1,724787,0
0,1,432112,0
0,1,671890,0
0,1,613611,0
0,1,502551,0
0,1,684802,0
0,1,720046,0
0,1,667709,0
0,1,653029,0
0,1,601526,0
0,1,495586,0
0,1,521112,0
0,1,488735,0
0,1,580211,0
0,1,506710,0
0,1,663160,0
0,1,768498,0
0,1,628775,0
0,1,567182,0
0,1,596809,0
0,1,581231,0
0,1,647662,0
0,1,683143,0
0,1,726024,0
0,1,747440,0
0,1,741894,0
0,1,760527,0
0,1,758946,0
0,1,761770,0
1,0,746051,100
1,0,613544,100
0,4,761857,0
0,3,761610,0
0,3,760854,0
0,3,760710,0
0,3,760903,0
0,3,734752,0
0,3,731517,0
0,3,756863,0
0,3,759419,0
0,3,758822,0
0,2,755660,0
0,2,755327,0
0,2,715467,0
0,2,750116,0
0,2,757732,0
0,2,755169,0
0,2,755875,0
0,2,755922,0
0,2,758267,0
0,2,751642,0
0,2,749888,0
0,2,750968,0
0,2,749496,0
0,1,746701,0
0,1,738402,0
0,1,743902,0
0,1,713185,0
0,1,736389,0
0,1,729260,0
0,1,742961,0
0,1,734399,0
0,1,736803,0
0,1,736813,0
0,1,729874,0
0,1,726840,0
0,1,732033,0
0,1,760651,0
0,1,761368,0
0,2,760202,0
0,2,756706,0
0,2,756661,0
0,1,762307,0
0,3,761272,0
0,3,761266,0
0,1,712148,0
0,1,712141,0
0,1,712136,0
0,1,712123,0
0,1,712112,0
0,1,712031,0
0,1,712005,0
0,1,711946,0
0,1,711695,0
0,1,711565,0
0,1,711526,0
0,1,711488,0
0,1,711469,0
0,1,711363,0
0,3,762732,0
0,2,762525,0
0,2,753399,0
0,2,759510,0
0,2,760284,0
0,2,758685,0
0,1,762110,0
0,1,759862,0
0,2,759530,0
0,2,703554,0
0,1,511519,0
0,1,501634,0
0,1,365410,0
0,1,460440,0
0,1,443962,0
0,1,461186,0
0,1,475662,0
0,1,462649,0
0,1,439779,0
0,1,462518,0
0,1,446737,0
0,1,459568,0
0,1,448710,0
0,1,444509,0
0,1,441441,0
0,1,561675,0
0,1,551522,0
0,1,575438,0
0,1,570541,0
0,1,565515,0
0,2,576738,0
0,1,556815,0
0,1,565896,0
0,1,551557,0
0,1,378384,0
0,1,366043,0
0,1,513962,0
0,1,490575,0
0,1,517838,0
0,1,504487,0
0,1,487627,0
0,1,489661,0
0,1,502941,0
0,1,518548,0
0,1,373515,0
0,1,157615,0
0,1,439167,0
0,1,472997,0
0,1,435532,0
0,1,594272,0
0,1,601990,0
0,1,592681,0
0,1,592395,0
0,1,582592,0
0,1,612672,0
0,2,601700,0
0,1,611524,0
0,2,723046,0
0,2,716748,0
0,3,596913,0
0,2,549504,0
0,2,523806,0
0,2,566032,0
0,2,534512,0
0,2,527527,0
0,2,622234,0
0,2,624790,0
0,2,627551,0
0,2,656418,0
0,2,664708,0
0,2,665322,0
0,2,673141,0
0,2,677136,0
0,2,677799,0
0,2,690001,0
0,2,693785,0
0,2,705626,0
0,2,716172,0
0,2,723022,0
0,2,726265,0
0,2,731541,0
0,2,734636,0
0,2,737080,0
0,2,738311,0
0,2,747734,0
0,2,747823,0
0,2,750693,0
0,2,688608,0
0,2,38983,0
0,2,746738,0
0,2,713548,0
0,2,643271,0
0,2,702947,0
0,2,540541,0
0,2,623978,0
0,2,645011,0
0,3,601582,0
0,2,704988,0
0,2,657439,0
0,2,731461,0
0,1,752906,0
0,1,768051,0
0,1,714830,0
0,1,720732,0
0,1,752814,0
0,1,765497,0
0,1,654403,0
0,1,755186,0
0,1,766254,0
0,1,689861,0
0,1,716543,0
0,1,752264,0
0,1,704034,0
0,1,691153,0
0,1,760976,0
0,1,758544,0
0,1,741490,0
0,1,713276,0
0,1,749864,0
0,1,764576,0
0,1,627630,0
0,1,756430,0
0,1,766679,0
0,1,701473,0
0,1,684536,0
0,1,701420,0
0,1,731339,0
0,1,758990,0
0,1,763426,0
0,1,761095,0
0,1,744850,0
0,1,766520,0
0,1,767500,0
0,1,765348,0
0,1,765810,0
0,1,763558,0
0,1,664853,0
0,1,713095,0
0,1,763609,0
0,1,658943,0
0,1,765098,0
0,2,671907,0
0,2,668160,0
0,2,665704,0
0,1,720114,0
0,1,719158,0
0,1,718909,0
0,1,718248,0
0,1,718143,0
0,1,717482,0
0,1,694232,0
0,1,677817,0
0,1,677090,0
1,0,558269,100
0,1,756328,0
0,1,756285,0
0,1,749613,0
0,1,751737,0
0,1,749826,0
0,1,750145,0
0,1,746839,0
0,1,718673,0
0,1,748017,0
0,1,735345,0
0,1,715385,0
0,1,578981,0
0,1,481300,0
0,1,570368,0
0,1,715370,0
0,1,719127,0
0,1,444485,0
0,1,759434,0
0,1,716330,0
0,1,577467,0
0,1,320962,0
0,1,752780,0
0,1,342886,0
0,1,733471,0
0,1,755853,0
0,1,742432,0
0,1,421469,0
0,1,767658,0
0,1,670192,0
0,1,341417,0
0,1,739684,0
0,1,390894,0
0,1,287355,0
0,1,747758,0
0,1,746461,0
0,1,439950,0
0,1,406980,0
0,1,742360,0
0,1,614550,0
0,1,464911,0
0,1,762969,0
0,1,330169,0
0,1,746206,0
0,1,388277,0
0,1,442665,0
0,1,343611,0
0,1,761954,0
0,1,479662,0
0,1,754666,0
0,1,747307,0
0,1,763376,0
0,1,748518,0
0,1,752728,0
0,1,757435,0
0,1,767388,0
0,1,760267,0
0,1,328372,0
0,1,449031,0
0,1,305402,0
0,1,451488,0
0,1,765893,0
0,1,766546,0
0,1,456659,0
0,1,384960,0
0,1,752190,0
0,1,394760,0
0,1,389161,0
0,1,576150,0
0,1,578051,0
0,1,604311,0
0,1,579241,0
0,1,599474,0
0,1,593390,0
0,1,587195,0
0,1,586239,0
0,1,601692,0
0,1,618957,0
0,1,651242,0
0,1,576088,0
0,1,575928,0
0,1,575455,0
0,1,575378,0
0,1,575270,0
0,1,575259,0
0,1,575248,0
0,1,575053,0
0,1,604667,0
0,3,288862,0
0,3,260002,0
0,3,729511,0
0,1,731646,0
0,1,731675,0
0,1,722298,0
0,1,719571,0
0,1,711643,0
0,1,729072,0
0,3,728833,0
0,3,729082,0
0,1,729183,0
0,1,725476,0
0,3,726953,0
0,1,716835,0
0,1,722652,0
0,1,716071,0
0,1,720801,0
0,3,719540,0
0,1,715626,0
1,1,626335,100
1,0,683845,100
0,1,673424,0
0,1,682455,0
0,1,754191,0
0,1,713169,0
0,1,688326,0
0,1,700979,0
0,1,750896,0
0,1,644765,0
0,1,643459,0
0,1,646986,0
0,2,601150,0
0,2,602610,0
0,1,615530,0
0,1,533091,0
0,1,612573,0
0,1,619584,0
0,1,622287,0
0,1,644658,0
0,1,660470,0
0,1,664293,0
0,1,665455,0
0,1,665633,0
0,1,667384,0
0,1,673073,0
0,1,687938,0
0,1,701822,0
0,1,707785,0
0,1,713611,0
0,1,714282,0
0,1,743939,0
0,1,744803,0
0,1,603921,0
0,1,750980,0
0,1,647494,0
0,1,653326,0
0,1,747999,0
0,1,756385,0
0,1,711295,0
0,1,723138,0
0,1,719128,0
0,1,659259,0
0,1,728447,0
0,1,747109,0
0,1,660954,0
0,1,560878,0
0,1,559788,0
0,1,553152,0
0,1,549016,0
0,1,588456,0
0,1,576840,0
0,1,445500,0
0,1,445424,0
0,1,281788,0
0,1,372897,0
0,1,363751,0
0,1,313835,0
0,1,433887,0
0,1,368739,0
0,1,280732,0
0,1,572051,0
0,1,305203,0
0,1,363941,0
0,1,337145,0
0,1,379604,0
0,1,378865,0
0,1,398853,0
0,1,612807,0
0,1,593603,0
0,1,597416,0
0,1,605220,0
0,1,592931,0
0,1,580553,0
0,1,600812,0
0,1,609281,0
0,1,593957,0
0,1,602295,0
0,1,421141,0
0,1,728194,0
0,1,416154,0
0,1,422664,0
0,1,692454,0
0,1,425073,0
0,1,422699,0
0,1,683328,0
0,1,658760,0
0,1,733480,0
0,1,715047,0
0,1,729312,0
0,1,733573,0
0,1,743026,0
0,1,602938,0
0,1,429178,0
0,1,397827,0
0,1,407451,0
0,1,653738,0
0,1,412905,0
0,1,402400,0
0,1,411622,0
0,1,435196,0
0,1,274551,0
1,0,599488,100
0,1,652646,0
0,1,644292,0
0,1,647796,0
0,1,521767,0
0,1,546385,0
0,1,567805,0
0,1,567046,0
0,1,566026,0
0,1,562357,0
0,1,220569,0
0,1,728391,0
0,1,728373,0
0,1,713552,0
0,1,712862,0
0,1,735063,0
0,1,701374,0
0,1,709320,0
0,1,706374,0
0,1,722106,0
0,1,717962,0
0,1,598355,0
0,1,584014,0
0,1,612975,0
0,1,744496,0
0,1,727820,0
0,1,523942,0
0,1,712070,0
0,1,732381,0
0,1,747717,0
0,1,620250,0
0,1,660233,0
0,1,732041,0
0,1,728226,0
0,1,693238,0
0,1,706961,0
0,1,573804,0
0,1,726490,0
0,1,756788,0
0,1,613600,0
0,1,722179,0
0,1,672941,0
0,1,716364,0
0,1,721816,0
0,1,732591,0
0,1,753432,0
0,1,683383,0
0,2,737542,0
0,2,684235,0
0,2,728287,0
0,2,700961,0
0,2,551040,0
0,2,691927,0
0,2,704106,0
0,2,701983,0
0,2,527546,0
0,2,707444,0
0,2,720875,0
1,2,566285,50
0,2,530244,0
0,2,541598,0
0,2,623835,0
0,2,625264,0
0,2,628064,0
0,2,642550,0
0,2,655391,0
0,2,667474,0
0,2,670198,0
0,2,681367,0
0,2,682411,0
0,2,686590,0
0,2,689563,0
0,2,692884,0
0,2,698269,0
0,2,701043,0
0,2,703760,0
0,2,711293,0
0,2,713763,0
0,2,499463,0
0,2,513827,0
0,2,426244,0
0,2,630231,0
0,2,256801,0
0,2,253511,0
0,2,617959,0
0,2,560629,0
0,2,561214,0
0,2,520502,0
0,2,522640,0
0,2,566583,0
0,2,625988,0
0,2,627280,0
0,2,646255,0
0,2,651480,0
0,2,652651,0
0,2,660234,0
0,2,665733,0
0,2,689094,0
0,2,693101,0
0,2,710598,0
0,2,710691,0
0,2,485975,0
0,2,442591,0
0,2,442869,0
0,2,475434,0
0,2,411037,0
0,2,367998,0
0,2,379190,0
0,1,646619,0
0,1,681069,0
0,2,730828,0
0,2,485267,0
0,2,684109,0
0,2,684207,0
0,2,684708,0
0,2,684803,0
0,2,684831,0
0,2,682623,0
0,2,682639,0
0,2,682683,0
0,2,682727,0
0,2,613391,0
0,2,699266,0
0,2,728285,0
0,2,684703,0
0,2,685001,0
0,2,702018,0
0,2,729431,0
0,2,695746,0
0,2,720926,0
0,2,683198,0
0,2,684408,0
0,2,739241,0
0,2,667060,0
0,2,565758,0
0,2,682741,0
0,2,684694,0
0,2,684879,0
0,2,744185,0
0,2,664454,0
0,2,682779,0
0,2,720935,0
0,2,697862,0
0,2,739599,0
0,2,708657,0
0,2,461340,0
0,2,741910,0
0,1,716244,0
0,1,719646,0
0,1,707906,0
0,1,627744,0
0,1,453602,0
0,1,661569,0
0,1,749242,0
0,1,684920,0
0,1,737196,0
0,1,734777,0
0,1,707773,0
0,1,728555,0
0,1,727875,0
0,1,721537,0
0,1,713370,0
0,1,713234,0
0,1,705236,0
0,1,648211,0
0,1,629846,0
0,1,715368,0
0,1,723894,0
0,1,747456,0
0,1,737034,0
0,1,629110,0
0,1,701871,0
0,1,677668,0
0,1,731772,0
0,1,717770,0
0,1,685340,0
0,1,704243,0
0,1,671401,0
0,1,765629,0
0,1,767979,0
0,1,698448,0
0,1,592244,0
0,1,729777,0
0,1,626216,0
0,1,749795,0
0,1,717124,0
0,1,654194,0
0,1,692145,0
0,1,770021,0
0,1,670989,0
0,1,670980,0
0,1,699393,0
0,1,699250,0
0,1,654973,0
0,1,654522,0
0,1,586106,0
0,1,517251,0
0,1,527476,0
0,1,540053,0
0,1,660727,0
0,1,654321,0
0,1,639191,0
0,1,599761,0
0,1,614365,0
0,1,622204,0
0,1,537146,0
0,1,677170,0
0,1,697135,0
0,1,689768,0
0,1,670696,0
0,1,664346,0
0,1,559580,0
0,1,554927,0
0,1,346053,0
0,1,580947,0
0,1,629286,0
0,1,737882,0
0,1,731240,0
0,1,708997,0
0,1,716784,0
0,1,716524,0
0,1,764763,0
0,1,724858,0
0,1,758220,0
0,1,624573,0
0,1,650459,0
0,1,766358,0
0,1,766963,0
0,1,686550,0
0,1,686230,0
0,1,695291,0
0,1,699609,0
0,1,698782,0
0,1,653339,0
0,1,650046,0
0,1,738033,0
0,1,721297,0
0,1,741255,0
0,1,623331,0
0,1,707186,0
0,1,716066,0
0,1,761255,0
0,1,746301,0
0,1,578752,0
0,1,578581,0
0,1,578538,0
0,1,578535,0
0,1,578303,0
0,1,578216,0
0,1,578045,0
0,1,577984,0
0,1,577852,0
0,1,577840,0
0,1,577786,0
0,1,577712,0
0,1,577585,0
0,1,577553,0
0,1,577451,0
0,1,577396,0
0,1,577289,0
0,1,577209,0
0,1,577163,0
0,1,577106,0
0,1,576868,0
0,1,576858,0
0,1,576769,0
0,1,576755,0
0,1,576735,0
0,1,576532,0
0,1,576245,0
0,1,606371,0
0,1,606568,0
0,1,606061,0
0,1,605856,0
0,1,606117,0
0,1,603031,0
0,1,605414,0
0,1,581242,0
0,2,604647,0
0,1,605303,0
0,1,603576,0
0,1,602651,0
0,1,602385,0
0,1,602982,0
0,1,601852,0
0,1,601829,0
0,2,602047,0
0,1,601835,0
0,1,601824,0
0,1,602949,0
0,1,603102,0
0,1,602935,0
0,1,602704,0
0,1,599462,0
0,1,601486,0
0,1,601714,0
0,1,601209,0
0,1,600752,0
0,1,601495,0
0,1,600913,0
0,1,601366,0
0,1,595132,0
0,1,564301,0
0,1,600383,0
0,1,600678,0
0,1,600618,0
0,2,600279,0
0,1,575855,0
0,1,591765,0
0,1,550537,0
0,1,599762,0
0,1,597044,0
0,2,573189,0
0,1,553724,0
0,1,600055,0
0,1,565276,0
0,1,594672,0
1,0,520195,100
0,1,565286,0
0,1,564333,0
0,1,557541,0
0,1,554937,0
0,1,471424,0
0,1,452735,0
0,1,718994,0
0,1,631789,0
0,1,664431,0
0,1,673206,0
0,1,672837,0
0,1,672192,0
0,1,672120,0
0,1,671862,0
0,1,671838,0
0,1,671763,0
0,1,671699,0
0,1,445384,0
0,1,440437,0
0,1,701730,0
0,1,732274,0
0,1,714527,0
0,1,643257,0
0,1,652596,0
0,1,652221,0
0,1,540821,0
0,1,743163,0
0,1,750623,0
0,1,649310,0
0,1,612474,0
0,1,716341,0
0,1,647223,0
0,1,648917,0
0,1,652665,0
0,1,539486,0
0,1,757817,0
0,1,713415,0
0,1,685058,0
0,1,719703,0
0,1,727860,0
0,1,655901,0
0,1,752047,0
0,1,738215,0
0,1,732322,0
0,1,732306,0
0,1,734053,0
0,1,652405,0
0,1,652280,0
0,1,642104,0
0,1,644936,0
0,1,663321,0
0,1,663218,0
0,1,529500,0
0,1,560917,0
0,1,714683,0
0,1,732269,0
0,1,429458,0
0,1,425169,0
0,1,423673,0
0,1,421234,0
0,1,420197,0
0,1,418788,0
0,1,417801,0
0,1,417338,0
0,1,416511,0
0,1,415938,0
0,1,413898,0
0,1,413243,0
0,1,410491,0
0,1,410423,0
0,1,409890,0
0,1,401932,0
0,1,400339,0
0,1,400103,0
0,1,400052,0
0,1,399070,0
0,1,396142,0
0,1,389667,0
0,1,384640,0
0,1,384040,0
0,1,383725,0
0,1,381480,0
0,1,380918,0
0,1,327604,0
0,1,327309,0
0,1,325362,0
0,1,325099,0
0,1,325082,0
0,1,325070,0
0,1,323604,0
0,1,307591,0
0,1,305767,0
0,1,288565,0
0,1,271131,0
0,1,270614,0
0,1,262480,0
0,1,259895,0
0,1,258506,0
0,1,249688,0
0,1,247458,0
0,1,231708,0
0,1,226768,0
0,1,684911,0
0,1,695586,0
0,1,464122,0
0,1,752151,0
0,1,612051,0
0,1,548972,0
0,1,534178,0
0,1,622638,0
0,1,657063,0
0,1,663268,0
0,1,670723,0
0,1,678929,0
0,1,706160,0
0,1,720260,0
0,1,722641,0
0,1,747409,0
0,1,413612,0
0,1,435823,0
0,1,439179,0
0,1,695465,0
0,1,668074,0
0,1,686435,0
0,1,617422,0
0,1,654479,0
0,1,600926,0
0,1,593511,0
0,1,587117,0
0,1,755700,0
0,1,619941,0
0,1,559723,0
0,1,534189,0
1,0,723815,100
0,1,671274,0
0,1,671242,0
0,1,670909,0
0,1,670873,0
0,1,670412,0
0,1,670133,0
0,1,669269,0
0,1,669165,0
0,1,668979,0
0,1,668864,0
0,1,668763,0
0,1,668455,0
0,1,668427,0
0,1,668380,0
0,1,668374,0
0,1,668081,0
0,1,667977,0
0,1,667939,0
0,1,667649,0
0,1,667495,0
0,1,667458,0
0,1,667282,0
0,1,666777,0
0,1,665476,0
0,1,665290,0
0,1,665191,0
0,1,665005,0
0,1,664929,0
0,1,664925,0
0,1,664583,0
0,1,664474,0
0,1,664453,0
0,1,664299,0
0,1,664254,0
0,1,563564,0
